ansatz_name,trotter_steps,threshold_gamma,max_evals,cx_error_prob,energy,optimal_parameters
HEA,,,1000,0.0,-1.10456250359,"[0.7393755391047023, -4.99514795331744e-09, 0.0251639422259851, -0.002207312906156787, 0.03966831932092994, -0.28844409405370897, 0.3534291735288517, 0.48026572479550617, 0.0, 0.0, 0.0, 0.0, 0.0, 0.0, 0.4661716510639664, -0.15299648561259632, 0.10872374654816488, 1.241389357918766e-07, 0.0, 0.0, -0.0008821793931698529, 0.19634961106942983, 0.038831875386905905, 0.5890486459547755, 0.0, 0.0, 0.0, 0.0, 0.0, 0.0, 0.0, 0.0]"
HEA,,,10000,0.0,-1.104566454967,"[0.741591599069891, 9.190585285992677e-08, 0.05850473728944161, -0.003981574050425958, 0.0, 0.07222180990760219, 0.2053267276024478, 0.20662856910764377, 2.9073193484119943e-06, 0.0, 0.0, 0.0, 0.0, 1.453659674205997e-06, -0.0005409206465486563, 0.20588264361836828, 0.11099012944744649, 6.452116806826891e-06, 0.021633869366719717, -0.003984715417044659, -4.681337853654911e-08, -0.2338161016444416, -1.2258863667378776e-06, -0.30174282907086125, 0.0, 0.0, 2.8707864060554085e-05, -1.5994381405165846e-05, 0.0, 0.0, 0.0, 0.0]"
HEA,,,10000,1e-06,-1.104564666088,"[0.7412580080593032, -4.809287441699479e-09, 0.051868416010351984, 0.002002407397810331, -0.005645303033937449, -0.04317739887952419, 0.21611709693158068, 0.26191962381041833, 2.602367543752076e-08, -6.033564802775178e-09, 1.3379153578548415e-05, -5.1312722408450455e-05, 0.005920995565518518, 0.00027281922587131166, -0.05714435650144632, 0.2732542753574452, 0.10497797350104632, 1.375149377008281e-08, 0.012713121383891147, 0.002055726695108849, -1.4524528504344128e-05, 0.17508205613677144, 7.712138270496173e-06, 1.449488724639681, 3.0147392681357393e-09, 1.1291996848112046e-08, 2.8582652481142892e-05, 3.796673669762259e-05, 0.0008369844780407936, 0.0008176304645434226, 1.9716420588081136e-07, 2.3546298996615263e-07]"
HEA,,,10000,2e-06,-1.104562877869,"[0.7410494169480566, -3.2087253945738285e-09, 0.04730965339334451, -1.93110141381612e-07, 0.0008589411264195784, -3.140785939375264, 0.3717683330862249, 0.2770089713797381, 5.054350753488894e-09, 1.916023290347451e-08, -5.480927488948703e-08, 2.9834103077674286e-07, -6.1725430623540525e-06, 0.00012245334521966027, 0.16084160790095162, 0.20937093665364215, 0.10080117823796002, -6.781959810369665e-08, 0.006534989358619615, -6.290220201994873e-07, 0.00013053400218404718, 0.15525801912971823, 0.0008866827892638443, 0.09647381756957826, -3.302103469836643e-08, -4.1404246345638554e-08, -3.475694715125187e-08, -1.8849068710300373e-07, -0.00015725596032758977, -0.0005761416519762893, -0.0005687738084307861, -0.00017992906823069383]"
HEA,,,10000,5e-06,-1.104557509869,"[0.7412533217559256, 6.015033466007005e-08, 0.05190140248253772, 4.118747323833186e-07, -0.00014794501116872937, 0.3851303935530572, 0.3158337940536165, 0.1296120179832076, 6.20207705823781e-08, 6.684673568800683e-08, 3.588779417228052e-07, -5.287101037120289e-06, 0.0004326961317002111, 0.00013674033762325585, 0.18779388859406765, 0.1277386644341103, 0.10501008660949196, -7.154552680351541e-08, 0.012763574588020906, 5.885259447072152e-06, -0.0002759743933050195, 0.3985917181716714, 0.00040703533517272636, 0.7780102783867736, 4.2261376334859075e-08, -7.017793132838885e-08, 5.314667391608199e-08, 4.597497414634362e-07, 0.00033879431279072107, -6.191566600305477e-05, -0.00014288210884114036, -0.0002781978138530059]"
HEA,,,10000,1e-05,-1.104548561801,"[0.7414163771697633, -4.239404516087737e-09, 0.05538625797031317, 0.0046249045626878225, -4.463894036688732e-06, -2.4551799156573124, 0.21060128149899343, -0.38436355280708523, 1.4620343575464504e-08, 3.489811144438638e-08, 2.5289654634927763e-05, -5.421534930118442e-05, -0.010752549976468656, -0.010547260002825173, 0.622640888748919, -0.41163471241034455, 0.10817779289666157, -6.238373173327853e-08, 0.017456391395099004, 0.004643755928752071, 0.00013373745288889103, 0.0706290664410544, -0.01224758200946851, 1.3787098642093267, 0.0, 0.0, -0.00011261964409250454, -0.00015422877462070988, 0.0024279810594139235, 0.0027464521096353944, -0.011896859325022215, -4.141066139311051e-05]"
HEA,,,10000,2e-05,-1.104530688845,"[0.7409258472637343, 4.614577153494526e-08, 0.045055235022155915, 6.239986175249493e-07, -0.0004335400864018536, 1.7465382579832602, 0.19012165023816174, 0.21256924539315217, -3.564162589940432e-08, -4.459273651561158e-08, -6.79611110230909e-08, 6.976972740432108e-08, -1.3065593949692026e-05, 0.0008760091399226234, -0.019152302341895074, 0.21211131213991335, 0.09874600560776181, 1.1988395523765475e-08, 0.0035062924319437276, 5.420949177012972e-07, -0.0014061348650650533, -0.24198999328046705, -0.002486995944502297, 0.2972186700806212, 3.223495576719691e-08, 1.785750862199284e-08, 0.0, -6.752725574368973e-08, 0.00023721777273935174, -0.00027368166368565375, -0.0013107840953793639, -0.0010351631046393631]"
HEA,,,10000,5e-05,-1.104477060246,"[0.7408028791898589, 2.642544067923787e-07, 0.04309994627958991, 0.0018409679658371407, 0.001078600695911187, -0.9748872487943265, 0.21243459827595518, 1.1777553853739837, -9.979987744140857e-09, 2.1944080251575736e-07, -1.7828842290874444e-05, -5.132322304209026e-06, 0.0003992433259742952, 0.0007270008114329963, -0.9739816887418402, 1.1847795441268263, 0.09638909608582966, -1.7130901324923233e-07, 0.00026962531923883384, 0.0017401142319322122, -0.00042616501135986546, -3.0807742827083184, 0.001754274061090202, -0.1717363576766055, 1.0972040125787868e-07, 6.930089215341652e-07, -8.203501110712478e-05, -0.00010726533889954956, 0.0041060262538025055, 0.003164958925104133, 0.001009170089649934, 0.0005166414532982762]"
HEA,,,10000,0.0001,-1.104387352737,"[0.7430462135365112, -2.2775598980311522e-07, -0.08312258623312038, 0.0006033104572738294, 0.0014397206092548907, 1.2716958921614516, 0.21808606848917278, 1.3394779348719967, 4.1359568552607476e-07, -9.272106368829203e-07, -5.3666068982229364e-05, 4.4850114681258894e-05, -0.0006193947761695265, -0.0006776261976184316, 1.7812044705958863, 1.5758024267735409, 0.13276177875108752, 9.583705748526744e-07, 0.05421753825004945, 0.0005254815847370662, 0.0005470903655557772, 0.9301609439582663, 0.0019521287646026555, -1.0247722503325436, 0.0, 0.0, -7.607812756128242e-05, -0.00011766183264770065, -0.0007515881845712245, -0.0021073940971894113, -0.03547211672889594, -0.03404744449833781]"
HEA,,,10000,0.0002,-1.104208959857,"[0.7408308589886314, -8.156255689449861e-09, 0.0493611710274559, 0.0010828226191059984, 1.707847439879325e-05, -1.1904173306796253, 0.00857884358468803, -0.00566220750381081, -5.745872402436138e-07, -5.510064778095803e-07, -5.258141700080168e-05, 0.0010751161220749772, 6.940741439921753e-05, 0.00029395019390594996, 0.6235037350817147, -0.6144762282511154, 0.1021000910183216, -4.032523792134855e-07, 0.008732753216020996, 1.041448478205297e-05, 0.0007623543467671347, 2.2201880750694993, -9.63737037283708e-07, 0.2220140410381643, -9.382882385302664e-08, -2.7414043300392655e-07, 0.0, 0.0, 0.007357848641864341, 0.008270497244180955, -0.0012775526091279165, -0.0016317586248696097]"
HEA,,,10000,0.0005,-1.103675134072,"[0.739443142354562, 3.357732252699465e-07, 0.020014944879284832, 0.00014657184599555312, -0.00010956730935886814, 0.5610057708841805, 0.2121999217474747, 2.724160676538513, 4.628409443381019e-07, 0.0, 0.0, 0.0, 0.001666443167124252, 0.001425047239930333, 0.6270551159432114, -0.4153159994523675, 0.07634573112810905, 6.376698175673658e-06, -0.02944218428449283, -0.0001462828761590198, 0.0028203043357024364, 0.2995794222417879, 0.0010741163878463635, 0.36272290741356106, 1.1107516795044117e-08, 0.0, 0.0, 0.0, -0.020591442053616515, -0.017754274886071786, 0.000391467218633225, -0.0005676110604566349]"
HEA,,,10000,0.001,-1.102787697584,"[0.7386364633421902, 6.390175016792505e-06, 0.018189138395033066, -0.0056104541216765265, -0.005862389846907594, 0.25981311577827987, 0.20557922703087644, -0.1219796541701675, 5.253537289396363e-06, 0.0, -2.3600750197658963e-06, 7.315029884532052e-05, -0.04135009090024432, -0.048204088663029124, 0.3240922737695646, -0.12190441396750291, 0.07105289841137949, -0.0003568868063863579, -0.03621777424929433, -0.005661096558381251, -0.004698766762269204, 2.090008309881253, -0.03193950128726478, 0.915441151702844, 0.0, 0.0, 6.686879222670029e-06, 1.0841855107043774e-05, 0.0031869242218051756, -0.001325271167298625, 0.003972162099172959, 0.036718752827779026]"
HEA,,,10000,0.002,-1.101229385301,"[0.7377033324314539, -1.2765208665649091e-05, -0.0047518130455256324, 1.572861852569822, 0.0010664662634088111, -1.1591438617168515, 3.141592653589793, 0.08050806133455324, 1.233563080847797e-05, 1.4168995671427512e-05, 0.03240935814315203, 0.001246237715713469, -1.5686577826153507, -1.5687497408839355, -3.141592653589793, 0.08072404858895804, 0.024603597270904, 1.578255857264516e-05, -0.1058184304028881, 1.5714231478871838, -0.0009444954917035559, 0.37165699022043475, -0.00020372633762533898, -2.2922283188188457, 0.0, 0.0, -5.7472281995368925e-05, -0.0001391481952029445, -0.003531285086526534, -0.0034500152562093097, -0.005897047370428822, -0.005557601594623958]"
HEA,,,10000,0.005,-1.096182747563,"[0.8069370818556945, 1.473217715213712e-08, -0.38947914000271683, 0.00038900540263782986, -1.9202157456841324e-05, 0.6141191684895719, -0.0005286422187417762, 0.00015504476221959177, 0.0, 0.0, 0.0, 0.0, -4.4911312150506226e-05, -5.017339018863095e-05, -0.0006258444211088388, 0.00014109013227037756, -0.33714826197260644, 0.0, -0.606495998996277, 0.0003834951969714104, -8.777508475602958e-09, 0.3656724576085157, 2.3447356920319488e-07, 0.4800368213635775, 0.0, 0.0, 0.0, 0.0, 0.0, 0.0, 0.0, 0.0]"
HEA,,,10000,0.01,-1.089573341884,"[0.8586185811226458, -1.5600677140624446, 0.55267909716559, 1.5710307832365282, 0.003502835924201769, 0.0017903361684913927, -3.1393241044144893, -0.0015468805468526873, 0.03746347760888775, 0.00022367204486021391, 0.00043838837474895274, 0.00038971234371304475, 0.00011796357270290399, -0.0011881970453379667, 0.001965659515565408, -0.0016279119201187038, -0.38456280164329004, -1.5612051826416122, -0.7336501228280574, 1.5705724978343112, 0.021651725516482142, -3.141592653589793, 0.033350180239384214, 3.141592653589793, 1.857837027323764e-05, 0.0, 0.0009013897971756949, 1.8350946452340964e-05, -0.001354370988385777, 0.024555774355531072, 0.02384259545060223, -0.011411348626304583]"
UCCSD,,,1000,0.0,-1.104566455168,"[3.178842748739622, 0.0372498969314836, -0.37079117106278847]"
UCCSD,,,10000,0.0,-1.104566455168,"[3.1788426687267277, 0.037249951326719925, -0.3707911708751922]"
UCCSD,,,10000,1e-06,-1.104559513748,"[0.037245373048627524, 3.1788447901407153, -0.37078893383725114]"
UCCSD,,,10000,2e-06,-1.104552572556,"[0.037240899623796515, 3.1788468387365443, -0.3707865538555888]"
UCCSD,,,10000,5e-06,-1.104531750343,"[0.037227358585051336, 3.1788531988154873, -0.3707797070823318]"
UCCSD,,,10000,1e-05,-1.104497051203,"[0.03720479045649052, 3.1788637795804293, -0.37076810787187725]"
UCCSD,,,10000,2e-05,-1.104427669975,"[0.03715949425767324, 3.1788849228721623, -0.37074508948432333]"
UCCSD,,,10000,5e-05,-1.104219662618,"[0.03702452822606712, 3.178947705491649, -0.37067580325120564]"
UCCSD,,,10000,0.0001,-1.103873437566,"[0.036801383646556926, 3.1790508707562966, -0.3705603886696195]"
UCCSD,,,10000,0.0002,-1.103182685395,"[0.03636243996639994, 3.1792511258175384, -0.370329465178042]"
UCCSD,,,10000,0.0005,-1.101123930928,"[0.035097760005805154, 3.179808308846569, -0.3696362366637804]"
UCCSD,,,10000,0.001,-1.097737146303,"[0.03315223588445454, 3.180601303882625, -0.3684799025606177]"
UCCSD,,,10000,0.002,-1.091126465165,"[0.029771282681324156, 3.18175851537549, -0.3661658055732562]"
UCCSD,,,10000,0.005,-1.072524886622,"[0.022411943560634057, 3.1828501957892286, -0.3592235287689547]"
UCCSD,,,10000,0.01,-1.045191775338,"[0.015071417877074444, 0.03865274401080507, -0.3476344381111459]"
UCCSDT,,,1000,0.0,-1.104566455168,"[3.178842748739622, 0.0372498969314836, -0.37079117106278847]"
UCCSDT,,,10000,0.0,-1.104566455168,"[3.1788426687267277, 0.037249951326719925, -0.3707911708751922]"
UCCSDT,,,10000,1e-06,-1.104559513748,"[0.037245373048627524, 3.1788447901407153, -0.37078893383725114]"
UCCSDT,,,10000,2e-06,-1.104552572556,"[0.037240899623796515, 3.1788468387365443, -0.3707865538555888]"
UCCSDT,,,10000,5e-06,-1.104531750343,"[0.037227358585051336, 3.1788531988154873, -0.3707797070823318]"
UCCSDT,,,10000,1e-05,-1.104497051203,"[0.03720479045649052, 3.1788637795804293, -0.37076810787187725]"
UCCSDT,,,10000,2e-05,-1.104427669975,"[0.03715949425767324, 3.1788849228721623, -0.37074508948432333]"
UCCSDT,,,10000,5e-05,-1.104219662618,"[0.03702452822606712, 3.178947705491649, -0.37067580325120564]"
UCCSDT,,,10000,0.0001,-1.103873437566,"[0.036801383646556926, 3.1790508707562966, -0.3705603886696195]"
UCCSDT,,,10000,0.0002,-1.103182685395,"[0.03636243996639994, 3.1792511258175384, -0.370329465178042]"
UCCSDT,,,10000,0.0005,-1.101123930928,"[0.035097760005805154, 3.179808308846569, -0.3696362366637804]"
UCCSDT,,,10000,0.001,-1.097737146303,"[0.03315223588445454, 3.180601303882625, -0.3684799025606177]"
UCCSDT,,,10000,0.002,-1.091126465165,"[0.029771282681324156, 3.18175851537549, -0.3661658055732562]"
UCCSDT,,,10000,0.005,-1.072524886622,"[0.022411943560634057, 3.1828501957892286, -0.3592235287689547]"
UCCSDT,,,10000,0.01,-1.045191775338,"[0.015071417877074444, 0.03865274401080507, -0.3476344381111459]"
tVHA,1.0,0.0,1000,0.0,-1.07030072046,"[-6.284018340017248, -7.77996286099113e-08, 1.7819846797137135]"
tVHA,1.0,0.231191986106,1000,0.0,-1.104470139484,"[4.048783401384715, 0.17934534065431312, 1.3737564162782347]"
tVHA,1.0,0.231191986106,10000,0.0,-1.10447013834,"[4.048782918550245, 0.179344704814084, 1.3737563497835534]"
tVHA,1.0,0.231191986106,10000,1e-06,-1.104459996797,"[4.048777655449394, 0.17933696820786932, 1.3737368172444977]"
tVHA,1.0,0.231191986106,10000,2e-06,-1.104449855732,"[4.048771786226117, 0.17932851108884906, 1.3737173909471265]"
tVHA,1.0,0.231191986106,10000,5e-06,-1.104419435409,"[4.048755222258341, 0.1793043794321128, 1.3736585111820203]"
tVHA,1.0,0.231191986106,10000,1e-05,-1.104368744443,"[4.0487278988198545, 0.17926429710206865, 1.3735606552940454]"
tVHA,1.0,0.231191986106,10000,2e-05,-1.104267398389,"[4.048672201916165, 0.1791830029600782, 1.3733647394838533]"
tVHA,1.0,0.231191986106,10000,5e-05,-1.10396364703,"[4.048505477749811, 0.17893939128387273, 1.3727769818531097]"
tVHA,1.0,0.231191986106,10000,0.0001,-1.103458349236,"[4.048227470150541, 0.17853323246789035, 1.3717968706558847]"
tVHA,1.0,0.231191986106,10000,0.0002,-1.102451321419,"[4.047671695181288, 0.1777212763569088, 1.3698375140742434]"
tVHA,1.0,0.231191986106,10000,0.0005,-1.099458551752,"[4.046005073848482, 0.17528633062284518, 1.3639584360452393]"
tVHA,1.0,0.231191986106,10000,0.001,-1.094563479813,"[4.0432270968315, 0.17122717596209985, 1.3541594826540457]"
tVHA,1.0,0.231191986106,10000,0.002,-1.085110666722,"[4.037673648730776, 0.1631108238055573, 1.3345631364520738]"
tVHA,1.0,0.231191986106,10000,0.005,-1.059246157718,"[4.021059452020286, 0.13881216076088024, 1.2758638744767714]"
tVHA,1.0,0.231191986106,10000,0.01,-1.023259831495,"[0.7122033994447724, -0.10152025558927667, 1.1791345116683907]"
tVHA,1.0,0.462383972212,1000,0.0,-1.104470139484,"[4.048783338030802, 0.17934526279465546, 1.373756527469733]"
tVHA,1.0,0.624111241171,1000,0.0,-1.103655536693,"[1.1534423710972725, 0.4970069138965574, 1.341038948451315]"
tVHA,1.0,0.624111241171,10000,0.0,-1.104459825113,"[1.650105784091611, 1.174029030736075, 1.3691296102793524]"
tVHA,1.0,0.624111241171,10000,1e-06,-1.104449179917,"[1.650094509907269, 1.1740140033239825, 1.3691087852524613]"
tVHA,1.0,0.624111241171,10000,2e-06,-1.104438535211,"[1.6500845329031233, 1.1740007267350592, 1.3690890551474748]"
tVHA,1.0,0.624111241171,10000,5e-06,-1.104406604033,"[1.6500540577098772, 1.173960134383603, 1.3690285865288612]"
tVHA,1.0,0.624111241171,10000,1e-05,-1.104353395202,"[1.6500031696089157, 1.1738923836925867, 1.3689278394409514]"
tVHA,1.0,0.624111241171,10000,2e-05,-1.104247014275,"[1.6499019264641621, 1.173757553215736, 1.3687266228163244]"
tVHA,1.0,0.624111241171,10000,5e-05,-1.103928165157,"[1.6495969676581073, 1.1733513719936888, 1.3681225650827447]"
tVHA,1.0,0.624111241171,10000,0.0001,-1.103397727399,"[1.6490893155713737, 1.172675263551104, 1.3671159042080268]"
tVHA,1.0,0.624111241171,10000,0.0002,-1.102340506497,"[1.648073685615538, 1.1713223488731304, 1.365102272359837]"
tVHA,1.0,0.624111241171,10000,0.0005,-1.099197866442,"[1.6450296003354137, 1.1672665128598767, 1.3590623702208582]"
tVHA,1.0,0.624111241171,10000,0.001,-1.094055464066,"[1.6399608931694085, 1.1605094598031265, 1.3489956252776176]"
tVHA,1.0,0.624111241171,10000,0.002,-1.084117820834,"[1.6298459609464593, 1.147011653189419, 1.3288665228140575]"
tVHA,1.0,0.624111241171,10000,0.005,-1.05688776541,"[1.5997183476204135, 1.1066973617592752, 1.2685994652100454]"
tVHA,1.0,0.624111241171,10000,0.01,-1.018963195609,"[1.550490177332125, 1.0404352027362065, 1.1690906766806526]"
tVHA,1.0,0.785838510129,1000,0.0,-1.104459825596,"[1.650105677183785, 1.174028803653318, 1.3691297103970719]"
tVHA,1.0,0.892919255064,1000,0.0,-1.102909932866,"[1.5466086684669873, 0.9874472196833861, 1.2899013867376066]"
tVHA,1.0,1.0,1000,0.0,-1.103868739349,"[1.5839855437068382, 1.0911693164437661, 1.3387737417278247]"
tVHA,1.0,1.0,10000,0.0,-1.103868738185,"[1.583985890970634, 1.0911698211395549, 1.338774158271026]"
tVHA,1.0,1.0,10000,1e-06,-1.103855567174,"[1.5839672465413541, 1.0911425938163268, 1.3387339766227617]"
tVHA,1.0,1.0,10000,2e-06,-1.103842396989,"[1.5839487415930522, 1.0911156762519578, 1.338694014931073]"
tVHA,1.0,1.0,10000,5e-06,-1.103802891393,"[1.5838926871634516, 1.0910340493290962, 1.3385734840505945]"
tVHA,1.0,1.0,10000,1e-05,-1.103737065258,"[1.5837984801510567, 1.090896958729134, 1.3383723758708639]"
tVHA,1.0,1.0,10000,2e-05,-1.103605474932,"[1.5836109104043135, 1.090623950775376, 1.3379706099021198]"
tVHA,1.0,1.0,10000,5e-05,-1.103211198973,"[1.5830484106714757, 1.0898051304472889, 1.336765246198116]"
tVHA,1.0,1.0,10000,0.0001,-1.102555718922,"[1.5821116962227442, 1.0884415292054115, 1.3347573485655275]"
tVHA,1.0,1.0,10000,0.0002,-1.101250907081,"[1.580234711322913, 1.0857098248147747, 1.3307394767522407]"
tVHA,1.0,1.0,10000,0.0005,-1.097385136355,"[1.5745907179192424, 1.077498825353769, 1.318683911569742]"
tVHA,1.0,1.0,10000,0.001,-1.091100984759,"[1.5651443282862991, 1.0637661509613459, 1.2985883544501644]"
tVHA,1.0,1.0,10000,0.002,-1.07910341737,"[1.5461355528789529, 1.0361661996374023, 1.2584384989330086]"
tVHA,1.0,1.0,10000,0.005,-1.04722209115,"[1.488870847104679, 0.9532084308248236, 1.1393046809031937]"
tVHA,1.0,1.0,10000,0.01,-1.005234573108,"[1.3972286250547143, 0.8204376931206505, 0.951234212686785]"
tVHA,2.0,0.0,1000,0.0,-1.071502690047,"[8.059482990295503, 6.315011084684432, 2.4594026628644716, 2.3685782653049037, 1.8295588118725894, 2.2619168237916485]"
tVHA,2.0,0.0,2000,0.0,-1.07250661825,"[8.52660284182402, 6.73725178346621, 3.001407702930891, 2.9869036500397703, 1.5815231483641878, 2.6625263564238377]"
tVHA,2.0,0.231191986106,1000,0.0,-1.104566455168,"[6.61686078793121, -4.068361138326937, 0.5681219474868251, 0.8964635212317422, 0.8879513596538203, 1.8804885203996413]"
tVHA,2.0,0.231191986106,2000,0.0,-1.104566455168,"[6.616860668607696, -4.068361248182365, 0.5681223329683811, 0.8964631146101408, 0.8879510630747318, 1.8804887396077588]"
tVHA,2.0,0.231191986106,10000,0.0,-1.104566455168,"[6.616861284751737, -4.068361450448325, 0.56812222947018, 0.8964631534768254, 0.8879504125284741, 1.880489572092113]"
tVHA,2.0,0.231191986106,10000,1e-06,-1.104548488233,"[6.528794328561286, -4.113033279955793, 0.4978755081209726, 0.8223651503757748, 0.7219586880240687, 2.045892174783207]"
tVHA,2.0,0.231191986106,10000,2e-06,-1.104530578297,"[6.651889078612293, -4.095539556340505, 0.5520749421153635, 0.8832086916202048, 0.6105871658969564, 2.1576181375574435]"
tVHA,2.0,0.231191986106,10000,5e-06,-1.104477439139,"[6.650145795967244, -4.17742503618425, 0.4367775937360243, 0.761179071371892, -0.3044810193457029, 3.069986903218904]"
tVHA,2.0,0.231191986106,10000,1e-05,-1.104388045611,"[6.7897193772234115, -4.097127933058567, 0.5638302277378877, 0.8976836689899517, 0.16968639658204693, 2.602313695935491]"
tVHA,2.0,0.231191986106,10000,2e-05,-1.104210511071,"[6.8732429537908315, -4.089621016562852, 0.5396660808691329, 0.8667630710240433, -0.25432561236026363, 3.0192188123506662]"
tVHA,2.0,0.231191986106,10000,5e-05,-1.103678008586,"[6.470457324397705, -4.240648732949098, 0.3757225540328386, 0.6960114723870627, -0.3422338979338377, 3.1028416156343]"
tVHA,2.0,0.231191986106,10000,0.0001,-1.102793177667,"[6.456809520416355, -4.24595497121355, 0.37135165963724187, 0.6903898490707321, -0.3403169278160472, 3.0985806261974402]"
tVHA,2.0,0.231191986106,10000,0.0002,-1.101031484146,"[6.720781186000851, -4.143232919948018, 0.4923523648776912, 0.8174376905774361, -0.06465860709754498, 2.8241896748216537]"
tVHA,2.0,0.231191986106,10000,0.0005,-1.095842627434,"[6.382474717244074, -4.2791037036591515, 0.3436344258396743, 0.6528663018202139, -0.33328349096084203, 3.0732590200407297]"
tVHA,2.0,0.231191986106,10000,0.001,-1.087465476947,"[6.365783546838663, -4.297765744272619, 0.32818292571961805, 0.6266895630834037, -0.3276018712946529, 3.0481737634773394]"
tVHA,2.0,0.462383972212,1000,0.0,-1.104566455168,"[6.245238027435547, -3.8522056959857833, 0.6282523419420762, 0.9160817021206112, 1.2378516874311525, 1.5995891940658877]"
tVHA,2.0,0.462383972212,2000,0.0,-1.104566455168,"[6.245237966317483, -3.8522143352705203, 0.6282430693980554, 0.9160734010241043, 1.2378485586589627, 1.5995895221905112]"
tVHA,2.0,0.624111241171,1000,0.0,-1.104566087241,"[7.048909136632423, -4.386787824671855, 0.4118986981103124, 0.8150370146108994, 1.4165766040461514, 1.4383667347204439]"
tVHA,2.0,0.624111241171,2000,0.0,-1.104566455168,"[6.460867200974945, -3.9435743928349662, 0.534240604933799, 0.9751961033182814, 1.322451312672754, 1.469189749359111]"
tVHA,2.0,0.624111241171,10000,0.0,-1.104566455168,"[6.4608623496136595, -3.9435675938179093, 0.5342371838716697, 0.9752047250418134, 1.3224456067975048, 1.469195807975729]"
tVHA,2.0,0.624111241171,10000,1e-06,-1.104547127422,"[6.446727698015787, -3.932647251952596, 0.5120535833388925, 0.9953005166665889, 1.3014374875146992, 1.4897986257509133]"
tVHA,2.0,0.624111241171,10000,2e-06,-1.104527807705,"[6.426898777514429, -3.9464232669557573, 0.475259958496978, 0.9842619769956383, 1.2890825225378135, 1.50123761300922]"
tVHA,2.0,0.624111241171,10000,5e-06,-1.104469864381,"[6.3976883448194855, -3.976001575303623, 0.42052597637060524, 0.95466291603636, 1.2772647308192833, 1.5116350393164848]"
tVHA,2.0,0.624111241171,10000,1e-05,-1.104373789784,"[6.341738795432331, -3.6133700669778346, 0.31700663303336984, 1.4995517251628352, 0.9532437716077328, 1.8306004957821467]"
tVHA,2.0,0.624111241171,10000,2e-05,-1.104181491158,"[6.271739006493094, -3.646221485732913, 0.1537095265147132, 1.4938770297491728, 0.8794910756749401, 1.9006510747611476]"
tVHA,2.0,0.624111241171,10000,5e-05,-1.103605737684,"[6.029895356771298, -3.9004174440229407, -0.23767712819341358, 1.1975589537077644, 0.8384052788849174, 1.9366387705197747]"
tVHA,2.0,0.624111241171,10000,0.0001,-1.102648394183,"[6.102179063013359, -3.8959970086877167, -0.10816645961854217, 1.1801664303320605, 0.9066161225568967, 1.8673744009571411]"
tVHA,2.0,0.624111241171,10000,0.0002,-1.100748855968,"[5.859732833537216, -3.909803288693129, -0.5408368354555259, 1.2349177659611432, 0.670702990180021, 2.0947163829997426]"
tVHA,2.0,0.624111241171,10000,0.0005,-1.095140039955,"[5.85386267483119, -3.9361990787579613, -0.539475069518045, 1.1958050642883298, 0.6774357115999288, 2.072196096015515]"
tVHA,2.0,0.624111241171,10000,0.001,-1.086097021841,"[5.816016138603475, -3.9489375118252585, -0.5964528974939824, 1.184864145837324, 0.6350412556744174, 2.088809867194939]"
tVHA,2.0,0.785838510129,1000,0.0,-1.104566455168,"[6.460868237825794, -3.9435692075850866, 0.5342415679688267, 0.9752039640743844, 1.3224481343974597, 1.4691929441457283]"
tVHA,2.0,0.785838510129,2000,0.0,-1.10456213472,"[6.684471455232833, -3.9756635415102437, 0.5776735505978905, 0.960673296383412, 1.3180030365462678, 1.4427573219197787]"
tVHA,2.0,0.892919255064,1000,0.0,-1.104561243373,"[6.5807893338756465, -3.9503127572988257, 0.4992949921638334, 0.9656085443203708, 1.2748816877421707, 1.4877672165296947]"
tVHA,2.0,0.892919255064,2000,0.0,-1.10456213472,"[6.684471455232833, -3.9756635415102437, 0.5776735505978905, 0.960673296383412, 1.3180030365462678, 1.4427573219197787]"
tVHA,2.0,1.0,1000,0.0,-1.104566455168,"[6.863576799140701, -4.056122674016242, 0.49854934611249846, 1.0538012933169978, 1.2567006903628006, 1.5220120320762383]"
tVHA,2.0,1.0,2000,0.0,-1.104566455168,"[6.863574137845456, -4.056120627467791, 0.4985455408702148, 1.053803866686835, 1.2566973775086376, 1.5220153172606512]"
tVHA,2.0,1.0,10000,0.0,-1.104566455168,"[6.863579758382725, -4.0561240922965105, 0.4985513225299026, 1.0538004468602968, 1.2567020770723825, 1.5220106920612877]"
tVHA,2.0,1.0,10000,1e-06,-1.104542517811,"[6.859954732445718, -4.044999695751395, 0.4970877310391069, 1.0669469723136267, 1.249020774229418, 1.5291870586904808]"
tVHA,2.0,1.0,10000,2e-06,-1.104518582905,"[6.851444402147107, -4.052041261239455, 0.48904236545866053, 1.0553064232414853, 1.2504969424060541, 1.527169078375743]"
tVHA,2.0,1.0,10000,5e-06,-1.104446811389,"[6.835021118604635, -4.034294569584458, 0.4781146754098326, 1.073018838348034, 1.2350554018642046, 1.5410842665588844]"
tVHA,2.0,1.0,10000,1e-05,-1.10432725003,"[6.798762024138077, -4.043817712438181, 0.4456531923750354, 1.050311628739383, 1.2286968413139716, 1.544919984627711]"
tVHA,2.0,1.0,10000,2e-05,-1.104088567902,"[6.715925209831546, -3.973707514682311, 0.3867995867319436, 1.1172186643096285, 1.1611110225587553, 1.6065008069760778]"
tVHA,2.0,1.0,10000,5e-05,-1.103374411964,"[6.530651469502427, -3.9321550831566565, 0.22467551321707116, 1.128598177416599, 1.067539573245452, 1.6909240378261592]"
tVHA,2.0,1.0,10000,0.0001,-1.102189967752,"[6.215422908735966, -4.003478603039612, -0.10993341548492783, 0.9854256264818282, 0.9659134974955306, 1.7841203682815308]"
tVHA,2.0,1.0,10000,0.0002,-1.09984010231,"[6.140613696466824, -3.960696133002793, -0.18071401390490022, 1.0342260264861332, 0.8983986649752552, 1.8417895087961416]"
tVHA,2.0,1.0,10000,0.0005,-1.092942879162,"[5.9994178710534, -4.008328658207301, -0.34709037521268143, 0.9599628724653564, 0.8330225007328338, 1.877812484427407]"
tVHA,2.0,1.0,10000,0.001,-1.08193782135,"[6.0003537125394395, -4.032907470806744, -0.354855271412569, 0.9303193757626738, 0.812087634215636, 1.8505566247843555]"
tVHA,3.0,0.0,1000,0.0,-1.070309258897,"[9.42477796076938, 9.42477796076938, -1.3733706662164678, -0.6970811256117433, 0.4816172260464575, 1.185208357506602, 1.3286304011255283, 3.6618935249195648, 2.189540793631786]"
tVHA,3.0,0.231191986106,1000,0.0,-1.104566455168,"[0.9507825173456734, 1.4920402680244162, 1.4602124414851794, -0.4699963146928422, 1.8508153715635332, -1.9823761309695724, -2.096095435798561, 4.0323047834138865, 1.2338404280798432]"
tVHA,3.0,0.462383972212,1000,0.0,-1.104566455168,"[0.788388824891356, 1.0345195632726247, 2.4036612511756887, -0.3967786901653986, 1.3588274959260445, -1.5235022939885474, -4.340830779682189, 3.6342411575544045, 3.093725863345365]"
tVHA,3.0,0.624111241171,1000,0.0,-1.10416096885,"[1.7024522150724901, 2.0010352583759903, 1.9305811824833183, -1.0840735667332755, 2.90917573243044, -1.7020773246914511, -1.7063988204769696, 3.034647659594184, 0.5489246235930321]"
tVHA,3.0,0.785838510129,1000,0.0,-1.104566455168,"[0.8329273811403695, 2.6023799703570454, 1.7270542084746041, 0.22003429399921182, 2.9649245031513916, -0.5816484168838425, -2.911563045641553, 5.627470627345909, 1.000772428770685]"
tVHA,3.0,0.892919255064,1000,0.0,-1.104538182185,"[-0.3515475855829447, 2.3121799536272842, 1.6366743152519614, 2.077970795305631, 3.2729006688248647, -1.4627510157806838, 0.7572274608929601, 2.7284820668836174, 1.0236888499936985]"
tVHA,3.0,1.0,1000,0.0,-1.104566455166,"[1.350451741947269, 3.1100860767557315, 1.742785354416379, 0.286480626030163, 5.611607867755884, -2.085413749970277, -0.5205875639902982, 3.75686101704602, 1.014844732743126]"
tVHA,4.0,0.0,1000,0.0,-1.070301394621,"[9.234496096726978, 9.423255252439613, 8.065107800428333, 3.4331797190474704, 0.24218532622989358, 0.5130910194027085, 0.42966151282099774, 0.17144460867645303, 1.4429625999974875, 1.499695083328496, 1.7275063124146632, 1.9630654215511874]"
tVHA,4.0,0.231191986106,1000,0.0,-1.104566455168,"[-1.1798446442054753, 3.7179259518866576, -0.3105724875902884, 3.651313936909669, -2.1236585132202284, -0.08525888050471994, -0.26015920275822546, 2.061427934568499, -6.342216744918888, 8.839236435835806, 2.3161694559159716, 2.6701674643863065]"
tVHA,4.0,0.462383972212,1000,0.0,-1.104566455168,"[-0.9227580548331022, 3.63478013062038, -2.253112863606434, 3.6863674366231662, -2.5031875662542795, 0.7339661379769732, -0.504271320097137, 1.2707011489481634, -6.660389464364995, 9.42476620205013, -1.4952872383568265, 2.5065355169974306]"
tVHA,4.0,0.624111241171,1000,0.0,-1.103998343409,"[-0.7490936855834662, 1.1266601925806814, -1.2635339742649754, 5.985308589303072, -2.0368477479556777, 1.6310460817344778, -0.5277222737113105, 2.0034999504785658, -4.965406338738918, 6.637032123841728, 1.631240857274093, 1.8522421953511723]"
tVHA,4.0,0.785838510129,1000,0.0,-1.104566455167,"[-0.4746079685387212, 3.429366146859163, -1.187588111694906, 4.39068196005822, -0.5997510261607559, 4.488269135044083, 0.1600529643708576, 0.8646452324783056, -0.5242950675269178, 4.57857365215245, -0.9763145551712975, 2.597619345346205]"
tVHA,4.0,0.892919255064,1000,0.0,-1.104530345373,"[-0.2067679257071029, 4.941335252791918, -3.2074837867010313, 3.4944052971607427, 0.7989522330352234, 2.2865294077641107, 0.6196043771437885, 0.6898035623261956, -1.4229738518734998, 4.22349579712048, -0.6568457738358038, 2.4468873843644983]"
tVHA,4.0,1.0,1000,0.0,-1.104566455165,"[-0.03388724705683739, 3.5868834901724584, -1.884819292673864, 3.4848410667594854, 0.39914508463006326, 2.668870223063794, 0.10098306523412962, 0.993763666701193, -1.2398713232373244, 3.7547853882821984, -1.5600347513124828, 3.838223059126305]"
tVHA,5.0,0.0,1000,0.0,-1.070335734692,"[8.212481850603332, 9.42477796076938, 9.337282254858827, 7.8539185906166615, 0.3126489097390889, -1.6707773571974114, -0.9696308200683601, 0.18917449068706307, 0.6326332273049815, 1.6153424424947969, 1.751123293998417, 1.4458236454516147, 6.124044999862312, 2.626342884918853, 2.265953456729068]"
tVHA,5.0,0.0,5000,0.0,-1.075556896655,"[5.60437265869845, 9.406613208591766, 5.948729389732319, 9.42477796076938, 0.34344472038557505, -9.42477796076938, -2.1812942731691214, -2.135580949055491, 8.098877699167728, -0.6115870618224575, 1.360742859088661, 2.0938282357507045, 0.6496056357840829, 1.7927723811292875, 3.583979719924627]"
tVHA,5.0,0.231191986106,1000,0.0,-1.104566454634,"[0.0833723667200966, 9.02185376955391, -4.476567136948304, 1.7947724145646697, 2.0618177862978495, -1.9253275133112044, 0.9988524867405602, 1.4356536632064691, 0.6958452030849634, -0.9502996696251522, -9.287665232870856, 9.423416324275543, -1.558696254871745, 1.1816277669155961, 0.6463871451490087]"
tVHA,5.0,0.231191986106,5000,0.0,-1.104566455168,"[0.04895325192214279, 9.033213248183833, -3.982161560585648, 1.2734463102989018, 2.1159685792668483, -1.9614175288584876, 1.0392691306795983, 1.327350775629315, 0.8326741627909628, -1.0614850506908695, -9.234344951090758, 9.302816295289409, -1.6523692360677686, 1.2249402631964323, 0.6384521968374762]"
tVHA,5.0,0.231191986106,10000,0.0,-1.104566455168,"[0.04895329039104605, 9.033214243845348, -3.9821611139295556, 1.2734432970384797, 2.1159726978517344, -1.9614181182105617, 1.0392692594137185, 1.3273519829202731, 0.8326725359497382, -1.0614827595462497, -9.234346261304992, 9.302816197475899, -1.652368867259526, 1.2249399287126763, 0.6384520641449096]"
tVHA,5.0,0.231191986106,10000,1e-06,-1.104521853814,"[-1.5177464802950018, 5.25763543415278, -4.210736480703445, 1.923498554714251, 2.6210786580502408, -2.8592385826899998, -0.07490628733120162, 0.403668527818211, 3.1693336547645217, -0.9037871427094425, -6.226757516437132, 6.300314903135943, -2.543267982455437, -3.1759821064747733, 8.708293846870152]"
tVHA,5.0,0.231191986106,10000,2e-06,-1.104477146385,"[-0.04250005018779615, 7.230378684281558, -4.495600346280876, 0.5587082005824121, 2.918064615428949, -0.8379054770326424, -0.6604759380417047, -0.13878886631961018, 1.4195070741647227, -0.6832071833960911, -0.7354319402055379, 1.5500062017526872, -1.521425690735108, 4.792471580286627, 1.0896380220490003]"
tVHA,5.0,0.231191986106,10000,5e-06,-1.104342590852,"[-1.0354030512510595, 9.013900949154976, -4.376230798572923, 1.3195387369078895, 1.9775991218992264, -1.8670695989299864, 2.46816884216289, 1.2795272508542932, 0.6446946879665016, -2.360195696176408, -6.968806812349579, 9.119122803730487, -0.5334022523244558, -4.31688312711481, 9.409423641090894]"
tVHA,5.0,0.231191986106,10000,1e-05,-1.104109886178,"[-0.5049322908180729, 8.046967425861128, -4.340042419330908, 2.0523831514014965, 1.4467289617639763, -1.8107362169837151, 1.061102774812455, 1.2604842653204296, 0.582064894475706, -1.0301583912903631, -6.172582408732922, 8.655262507901684, -1.3054497220608057, 0.8441039705350968, 3.0573254650413126]"
tVHA,5.0,0.231191986106,10000,2e-05,-1.103686833273,"[-0.6407899072097916, 2.4813551205420756, -4.507949762758226, 2.013901286622611, 1.9581816412271889, -3.0684720505045613, -0.04466481632865672, 0.9554213442359873, 4.344581686981963, -2.3699822311507144, -1.5112899710960752, 2.9924281766096996, -3.942333800366444, -0.4685004472830834, 4.980528566072388]"
tVHA,5.0,0.231191986106,10000,5e-05,-1.102395810497,"[0.45020336856444465, 9.42477796076938, -1.9280482886276187, -0.4244433739127218, 2.4897438113398045, -1.0593652882891869, 1.0132404535658446, 0.2497579033169955, 0.29068221477948214, -1.4464675484709864, -1.2002093335185684, 1.8672566476782315, -0.24573409686463216, 0.49936937647162805, 6.667018975006166]"
tVHA,5.0,0.231191986106,10000,0.0001,-1.100255553341,"[-1.3329394616570374, 7.600414821075958, -1.1030457603170893, 2.4410693340660155, 2.9852855272114613, -1.4264072487156814, 0.921861458801179, -0.027347902874778042, 0.8149353682318863, -1.2816921187502917, -1.0164829573239176, 2.279883935463031, 1.1860870344420236, -0.2858716174235719, 7.229707357009248]"
tVHA,5.0,0.231191986106,10000,0.0002,-1.096036640891,"[-0.18424856961761973, 8.275991404128327, -5.4014647729943, 2.1452627408848066, 3.3820296936403293, -0.7028570625793197, -0.21898346671204116, -0.2599711539064379, 0.79986687050921, -0.8172906488987759, -0.24492746616157737, 0.7148915931859559, 0.34182137741846086, -0.336338450923659, 7.224877813522948]"
tVHA,5.0,0.231191986106,10000,0.0005,-1.083855342521,"[-1.1770929517591835, 8.991767256066804, -7.388265897081041, 2.6344627715522746, 3.3723830183683994, -1.1667777902415428, 0.6793550503950727, 0.3640152017755644, 0.5765547067638231, -0.9475437467864866, -0.1543791923099084, 0.6868274482002872, 0.7463766978132291, -0.22472928130225092, 7.232844512229601]"
tVHA,5.0,0.231191986106,10000,0.001,-1.065119717319,"[-3.0683744149960805, 5.872111169917029, 0.171024056955013, 3.66161583119471, 1.9726409777757499, -0.6959475733264444, 0.7158745508171884, -0.7392136890464238, 3.259769982789823, -2.9378109407620983, -0.03014249158686049, 0.23834362026638659, 0.43992194645578797, -1.1190140847365413, 7.770857900799329]"
tVHA,5.0,0.462383972212,1000,0.0,-1.104566455084,"[-0.007259355007725973, 5.263131472652707, -0.9959476157200441, 2.2684400684070383, 1.6172788915459875, -1.4467270631843019, 0.49859784939816276, -0.8183882357755007, 1.9625592577687703, -1.792507683402801, -9.420828209950178, 9.424179497171377, 0.9493660471370231, 1.3703513390180873, 1.7373898619741341]"
tVHA,5.0,0.462383972212,5000,0.0,-1.104566455168,"[0.386512697398544, 3.3967483453911536, -0.7343754266477571, 2.113866101588367, 2.5502673259260584, -1.3812436124599934, 0.4197428516062022, -0.5710188083047462, 1.9515526862160044, -1.7461640176189566, -9.399631949759438, 9.378811241320914, 0.9628155756488697, 1.3919163493273659, 0.3761683138143085]"
tVHA,5.0,0.624111241171,1000,0.0,-1.103981788852,"[-0.21889374315358262, 3.2538507226707045, -0.3702320518989851, 3.7923666333554302, 2.377488087086495, -1.8390075140935134, 0.2331226932851852, 0.7649908186435974, 2.148294360176598, -0.6783328006121983, -3.867186245743807, 3.161387059258067, 5.904073724075502, 0.10295320597338495, -0.9175001538216704]"
tVHA,5.0,0.624111241171,5000,0.0,-1.104566455168,"[-0.040234279892857244, 3.963513971099029, -0.7944738213807153, 7.376921128884609, 1.7377411910248002, -0.22377053849407308, 0.5120085923353959, 1.3316143342688052, 4.473299133349072, 1.5867259812748387, 1.202453477298219, 1.2508852306488574, 5.309681003082732, 0.6247577405333331, 0.054355364676422276]"
tVHA,5.0,0.624111241171,10000,0.0,-1.104566455168,"[-0.040315943967379295, 3.9635304414019203, -0.794469282975341, 7.376936408478709, 1.7377214281448357, -0.2237720778028307, 0.5120018671694508, 1.3316100592987725, 4.473299227991037, 1.5867258108926554, 1.202429043725136, 1.2508963418013732, 5.309673622872756, 0.6247589500284754, 0.05434159302609608]"
tVHA,5.0,0.624111241171,10000,1e-06,-1.104519081172,"[6.507610399236471, 3.9865687424745833, 1.0940122703255315, 7.36483684510428, 1.7438500787984883, -0.12266780697353004, -0.04300768254013674, 2.198362086950331, 3.6963916442848026, 1.5862593674332692, 1.4991171890316468, 1.2381249604859998, 5.192316229384722, 1.4695711250271217, 2.944615820606141]"
tVHA,5.0,0.624111241171,10000,2e-06,-1.104471069982,"[-0.0013359689030859063, 3.842590470557277, -0.7881291913283224, 7.3865569167799885, 1.7396209192895584, -0.23412338902251356, 0.5118153318969288, -0.902141954667373, 5.458544209750348, 1.5932562397850238, -1.2648839790710023, 1.204889160771644, 5.248732815497615, 1.7368815363104484, -0.6284048365742463]"
tVHA,5.0,0.624111241171,10000,5e-06,-1.104327332433,"[0.7330933915721645, 1.749542771786221, -0.49636154374551783, 7.36701187531355, 1.745126658748283, -1.3867298359197875, 0.5340342266326195, 2.084810497558431, 3.8456198370979466, 1.2725375470342977, 1.1645205693943406, -0.37384141711285535, 5.3162496293016765, 1.3179416880501695, 0.030080126801214302]"
tVHA,5.0,0.624111241171,10000,1e-05,-1.104090757323,"[0.4073495950974772, 4.015138435990342, -0.7348157012564658, 6.590171047230475, 2.4347730248323134, -2.276695132754236, 0.6312959729421348, 1.3426596296600137, 2.7937115498204608, 1.5696287992596583, -0.5713144774530386, -0.7055879291304051, 5.128093340920489, 1.5342827872969171, 0.16507323818650793]"
tVHA,5.0,0.624111241171,10000,2e-05,-1.103640098226,"[0.0940584468626511, 4.537438706718808, 0.7462455417463973, 4.7677127659562, 1.6591080015624642, 0.14054411855625606, 0.6368747581627265, 3.5734571251905254, 5.073921839327767, -2.4363027683462524, -3.3399275373322554, 5.209632013743411, 3.7055319558996227, -3.5967944904914964, 6.583731862528288]"
tVHA,5.0,0.624111241171,10000,5e-05,-1.102285676357,"[1.6790611115718983, 9.180687606261074, -1.2695869281093688, 4.158408262841046, 5.334204710073545, 0.1003490866285249, 2.0708117784057, 4.50280817908342, 4.977781721953379, 0.9366019299268535, 0.9584663431416702, 1.5025940648092058, 5.077847859354981, 0.7153240647243941, 6.322666281500471]"
tVHA,5.0,0.624111241171,10000,0.0001,-1.100054315512,"[-1.2735436578478017, 6.052252949215597, -0.9933545052308699, 3.6367017148875034, 2.6517522139994574, -0.9127936736937778, 2.412705473868554, -0.2819507284886855, 7.0478363142064, -1.5586682621891326, -0.9387604580789211, 0.7705671424252538, 0.582696754335627, 1.3696915237457832, 5.570412469712638]"
tVHA,5.0,0.624111241171,10000,0.0002,-1.095637441587,"[-0.6640341816911652, 9.42477796076938, 1.4176996917284412, 5.569948618197262, 1.6988367866836929, -0.3260402786926421, 0.9414578296580981, 1.2590097699032108, 7.192095229253256, -2.3491861435985872, -0.9947602817617167, 2.4163334228183384, 1.4258922720464366, 0.05930156107514639, 6.329206694962739]"
tVHA,5.0,0.624111241171,10000,0.0005,-1.082860912704,"[1.5575558766972688, 2.676920138491387, -1.3189586127512252, 5.626592471602129, 2.15397494536636, -0.5750239121887393, -0.2857683238380643, 0.2206109772188305, 7.924676859354462, -1.9219023139198832, -0.2517243691561344, -0.4601592463636087, 0.14098012250195735, 1.261768949277543, 5.8604804029090865]"
tVHA,5.0,0.624111241171,10000,0.001,-1.063209762489,"[0.3481152098267895, 9.414971800967013, -0.6363207194686642, 6.623167326188149, 2.7118364968405166, 0.18582417780074384, 0.6101458957257004, -1.249080721196838, 8.79947170736832, -1.2353191774487424, -0.47419968882749863, 1.676912216971056, 0.34282507201696644, 1.4416369942533338, 5.892069308575783]"
tVHA,5.0,0.785838510129,1000,0.0,-1.104566455168,"[-0.040320690320468255, 3.96354236773812, -0.7944663871935164, 7.376925411032733, 1.7377549197032645, -0.22376988912248763, 0.5119969944687544, 1.331608713555627, 4.473299133349072, 1.5867557470981675, 1.2024528885796018, 1.2508673436252575, 5.309675954293122, 0.6247565710281024, 0.054372286210332785]"
tVHA,5.0,0.785838510129,5000,0.0,-1.104541955579,"[1.4553523765514305, 3.7266940911334343, -0.12305884946130871, 4.580230202997434, 2.025982344276718, -1.4094683974974793, 2.1553572686572946, 1.6712748351558422, 7.324191897858245, -3.946193867923098, -0.06497851858760255, 2.9933079041666426, 2.410414539133963, 1.9154486094113814, 0.015316861201737]"
tVHA,5.0,0.892919255064,1000,0.0,-1.104525957792,"[1.0722729722073956, 3.8135973997794532, -0.308786583427479, 4.539299225579311, 2.1558085120712875, -0.0680855196012373, 1.729798618501911, 1.7887457872205847, 8.68351051186975, -5.094133121588497, -0.9365526068617523, 3.7681282173933357, 3.0681804740122782, 1.0547180564661014, 1.0643135315718082]"
tVHA,5.0,0.892919255064,5000,0.0,-1.104541955579,"[1.4553523765514305, 3.7266940911334343, -0.12305884946130871, 4.580230202997434, 2.025982344276718, -1.4094683974974793, 2.1553572686572946, 1.6712748351558422, 7.324191897858245, -3.946193867923098, -0.06497851858760255, 2.9933079041666426, 2.410414539133963, 1.9154486094113814, 0.015316861201737]"
tVHA,5.0,1.0,1000,0.0,-1.104561869502,"[0.7620614304160727, 3.3642620871637754, -1.0633466504646827, 5.477516279625619, 1.7366609322451745, 0.23634745642748906, 1.2852916118230124, 1.530200545186325, 9.42477796076938, -5.9098462370922835, -4.764046995288254, 9.42477796076938, 2.8157477007125413, -1.6050525637989543, 1.6575885449955465]"
tVHA,5.0,1.0,5000,0.0,-1.104566455168,"[0.7542792842543005, 3.372937887454889, -1.0012335443660587, 5.427595023094856, 1.7400043087620758, 0.25630144283863265, 1.290968960217018, 1.5347617925680923, 9.424777955939959, -5.8216448420953215, -4.739297791283981, 9.42477796076938, 2.8391748259166993, -1.6001421003722267, 1.7113674482197636]"
tVHA,5.0,1.0,10000,0.0,-1.104566455168,"[0.7508159758909201, 3.361127235953107, -0.9964705310998334, 5.4280828546555036, 1.7438686316619725, 0.25095180257253813, 1.2853542386789183, 1.5322430077023206, 9.42477796076938, -5.812287303250816, -4.73805516365109, 9.42477796076938, 2.8314484411852723, -1.6020334375589784, 1.7144567625937128]"
tVHA,5.0,1.0,10000,1e-06,-1.104511145878,"[-0.2205781476947238, 3.1222390600227388, 0.12341127257531395, 6.3121931111268985, -0.13948033124740478, 0.48667247962193727, 1.104668937568558, 1.8030136802992744, 9.42477796076938, -6.135826197952818, -1.5243063992973114, 1.501875095385605, 2.3730691261004955, 0.5079067479301757, 4.934012657472554]"
tVHA,5.0,1.0,10000,2e-06,-1.104452164974,"[0.9202837572497569, 2.964029887190078, -1.335815787858564, 5.220067415042113, 2.155138023440827, 0.26647764539628427, 1.4599107495297774, 1.4380969111894353, 9.42477796076938, -6.157180471130925, 0.05055443323944722, -1.2366475246977395, 2.889654319566957, 6.8020621988743795, -1.2551553339330364]"
tVHA,5.0,1.0,10000,5e-06,-1.104279870892,"[0.4635968547286623, 3.001733472629641, -1.217778960766057, 5.452244273694276, 1.533477805476068, 0.6444268871250083, 2.2087223233571747, -0.38348188157212365, 9.377039539716062, -5.011507871301474, -3.8978135930642033, 5.124476630186496, 3.3179674187363792, 0.543284503867637, 2.63437704769526]"
tVHA,5.0,1.0,10000,1e-05,-1.1039937729,"[0.22725128839098413, 2.4661099628444063, -1.5685397920964, 5.67496352349511, 1.6976683366515106, 0.7172219111919055, 1.6729075374851705, 0.5245296595847393, 9.366216517946821, -5.5349878562768495, -2.3365290260798206, 3.7388686411412246, 4.074508842645525, 0.08057101616744292, 2.722927649706729]"
tVHA,5.0,1.0,10000,2e-05,-1.103435731381,"[-0.7518146833622181, 2.850952657792373, -0.9821709781743249, 5.791121765477035, 1.518519855265684, 0.395736007940041, 1.0250300859772399, 1.382493302684296, 9.347350778721164, -4.826321912173379, -4.265147079655822, 3.1905293347361456, 5.135823158299726, -0.39092008360081903, 5.318750943167156]"
tVHA,5.0,1.0,10000,5e-05,-1.101846240347,"[0.37404358660378967, 3.6003731497243328, -0.7324416039089285, 5.558887303917661, 1.904130219076444, 0.11662264101753375, 0.5543227731000512, -0.20921717508665352, 9.069708496753604, -3.4851439306700565, -0.5230979118969032, -0.45028274406861085, -0.22806857572080158, 2.4805182224489353, 5.589425091134311]"
tVHA,5.0,1.0,10000,0.0001,-1.099177637864,"[-2.198298333038197, 9.42477796076938, -2.9834702374968014, 5.569382037676653, 3.7146517814154274, 0.3027558078931085, -0.19307163092279384, -1.0340258960015933, 8.496866872086247, -0.7218808098249812, -0.32260326670264194, 1.1972815790926468, 0.418329182400844, 2.7179973071843406, 5.0514312067864555]"
tVHA,5.0,1.0,10000,0.0002,-1.093939039737,"[1.0272736943487915, 7.871336077696191, 0.20089188985235512, 5.512638778020529, 2.945032643455548, 1.5442772917304382, -1.6384066939573656, 0.4148384921998505, 7.419169494981974, -1.590405229997149, -0.1872438855211116, 1.2085203500073516, 0.7973533966519781, -0.014556433019051379, 7.088741867706344]"
tVHA,5.0,1.0,10000,0.0005,-1.079024786866,"[-3.3865385904086276, 6.259189392601577, 7.956285231255604, 3.636456388557215, 5.442478780317627, 0.8145657724433842, 1.0664913546136723, 0.5570249291472376, 5.7823939512308575, 1.7576662014625422, -0.07152038548122576, 0.9040214007440963, 1.9136390299748585, 1.2993830293375945, 6.887770872474852]"
tVHA,5.0,1.0,10000,0.001,-1.056236902791,"[5.395968703135079, 1.987818603154067, 8.80459252984257, 5.390631872398443, 3.9428804932512573, 0.2936651157235988, 1.1857531672142039, 0.3260926693506382, 7.660901879607556, -0.3699554943461362, 0.31677007644694855, 0.03840423317759358, 1.8913157843865036, 1.4893580484707525, 6.813838316411542]"
tVHA,6.0,0.0,1000,0.0,-1.070349093975,"[8.193031107580186, 9.42477796076938, 9.42477796076938, 9.42477796076938, 8.793059750930613, -7.227734352823237, 1.1768549412514826, -1.4559374333320845, 2.527891291197786, 0.27337068667044045, 0.807324332371532, 2.0397008606764, 1.221448736902675, 1.3881154035693415, 1.604482951667805, 1.7194292294588323, 1.8402504490244231, 2.077633263268396]"
tVHA,6.0,0.231191986106,1000,0.0,-1.104566453376,"[0.8880241829587988, 5.690456073722768, -1.169341068211943, 3.5707353981053513, -0.5248136124661844, 2.9771741855226646, -2.209857106173014, 0.6290625731264603, -0.9758146313925904, 1.0763642941999545, -0.8885334469732347, 0.9684077135080346, -9.42477796076938, 7.372732467675368, 2.247318700069853, -1.2647254336190943, -1.9403831782124623, 3.4858247096253066]"
tVHA,6.0,0.462383972212,1000,0.0,-1.104566454063,"[0.7581738759886598, 3.2366227415109643, -0.907994810174898, 5.450306554068412, -0.2127321060073898, 2.5731598248273895, -1.262145529256503, 1.0785031274460386, -2.0302606637158185, 1.2923583230992755, -1.0322544260877806, 0.49882645033244644, -9.42477796076938, 6.325514847390177, 1.2534851517370413, 0.8624223592579803, 6.250726033917284, -4.074654233606006]"
tVHA,6.0,0.624111241171,1000,0.0,-1.104190409224,"[0.47636332108112966, 4.5796306738024235, -2.8912870625736247, 4.8909634925818315, -4.610283896346748, 6.144941495141094, -3.731361383528383, 2.111225361256861, -0.11785836500105787, 1.512134416606526, -2.0553783346051495, 1.876065069153281, -5.626373108330766, 7.22007955148443, -4.228748849765712, 4.121235904528444, 0.19657085575853336, 1.8624184320754071]"
tVHA,6.0,0.785838510129,1000,0.0,-1.10456645516,"[0.18219131641660286, 4.276560303764292, -0.3063897398246064, 5.087313654501351, -3.171972039066536, 6.144243273459992, -4.2743705769707265, 5.688823630659881, -1.3360642570515662, 2.503893787252709, -1.118426516066914, 2.1118183496752376, -3.814230744304872, 6.913076220190595, 5.24902401812146, -4.329138327077356, 1.0547634209135217, 0.8138631935463709]"
tVHA,6.0,0.892919255064,1000,0.0,-1.104538808014,"[0.29792821495604516, 4.333792734954378, -0.7109553760807856, 5.012424394188063, -2.751489936365651, 5.248701935485604, -5.334372584722686, 5.517245662977601, -1.0560922175961145, 1.7729080049627282, -1.473332011556994, 2.2036946691190282, -3.0766120051864547, 5.652658658843273, 1.2831184866868317, -0.06597639248043516, -2.0646311155276678, 2.0870780526948285]"
tVHA,6.0,1.0,1000,0.0,-1.104566455157,"[0.0608211360840945, 6.842817089931756, -1.4394508460094781, 5.693934063129673, -3.3831244273665813, 5.621723817483084, -4.757530649241703, 4.601461789715072, -0.5557801026025971, 0.8777144955978189, 1.4846218496172314, 1.9587019683041347, -4.767274400931754, 6.756549764982221, 0.35487837467935135, -0.06396188723099701, 0.25840231627913735, 1.1783123024060167]"
tVHA,7.0,0.0,1000,0.0,-1.070306754203,"[9.343106588306753, 4.633127863897653, 8.363679246227118, 9.181506197324996, 9.169685825574593, 9.11224451173116, 9.42477796076938, -0.6991106142472319, 0.33460629279510434, 0.5439076050932043, 0.5742133340659736, 0.7693293507241139, 1.0208962661588354, 1.0, 1.4460925163143297, 1.5889496591714725, 1.7318068020286153, 1.874663944885758, 2.655036351937362, 9.412791671037722, 2.9904096296585863]"
tVHA,7.0,0.231191986106,1000,0.0,-1.104566455101,"[-0.07713667163558673, 3.5135338685800965, -1.5759134474993974, 5.964946607437543, -4.217810723355137, 5.409640489017805, 2.4291277933803803, -2.2488080272280255, 0.3616325855405816, -0.8585139303214708, 2.5627760121562186, -3.0633466929015887, 7.10524882441687, -6.1292089431115775, -7.6848488529986625, 4.571211693159303, 6.306310435768252, -2.168847973265162, 2.8602389418510246, -1.904324019101265, 1.9700925186476188]"
tVHA,7.0,0.462383972212,1000,0.0,-1.104566454655,"[0.1428518750526932, 4.980408931278298, -1.3631128690003553, 2.3508508336957563, -0.4956741582942412, 5.563451936355614, 2.538144972511059, -2.01363641618844, 2.837210791208753, -1.9060056138255697, 0.5630026121920553, -1.2061010398988379, 7.121718907815582, -6.934534242033598, -9.42477796076938, 2.1701880690090043, 4.004676246763186, -2.1825781059680853, -2.098119646692451, 4.097307156020902, 0.8789025967362534]"
tVHA,7.0,0.624111241171,1000,0.0,-1.104090171103,"[-0.044786707369966074, 4.309090878123933, 1.5107266148985907, 4.815902593214481, -5.31953376915239, 4.076861676451766, 2.685642420578234, -1.8198118462241983, 0.6656503312620686, 0.7815806688061776, 1.9171780765624304, -1.3922310998751724, 3.873069942647647, -3.8029399848405268, 2.435943853385411, -8.576818474766142, 9.42477796076938, 1.7527554206649394, -2.8657900831608822, 3.016833509489523, 0.31148332642924675]"
tVHA,7.0,0.785838510129,1000,0.0,-1.104566454352,"[1.1432680243363973, 4.039056747051737, -0.47367318778137524, 5.19226731932029, -3.2816427931744405, 6.917438697794619, 1.7951518454568223, -3.2239919353642508, -0.9383889483518948, 2.8907925186239094, 3.0924750359592053, -1.3560526523782206, 6.224178394053384, -4.3717549741369, -5.690797239480588, 7.766296584010336, 9.42477796076938, -5.265225646035565, -0.4173863598367045, -1.3859744513738037, 0.9997072703194527]"
tVHA,7.0,0.892919255064,1000,0.0,-1.104467091727,"[0.8262887627759476, 4.424855955341258, -0.0164825566479008, 5.121248518987672, -2.8039865165259683, 6.003981702139331, 1.6094371914124301, -4.471431396707899, -0.6139110601045877, 1.2902875476642603, 5.746957232454622, -1.9352142593545822, 9.422295337730253, -6.849751592902127, -6.8863498768932185, 9.403624249666766, 2.343224196095643, 0.7908358037560885, 1.2649205836544049, -4.413691062886613, 0.0194086546485357]"
tVHA,7.0,1.0,1000,0.0,-1.104566454288,"[1.0647887153999473, 5.963333614582595, -0.5261461931372087, 5.215345521110475, -2.1682000200445612, 5.9462889444602105, 1.7498456726978406, 0.07292871127811085, -1.0983987996311981, 1.179730040625821, 5.175017221320056, -0.319935881298338, 9.42477796076938, -6.8333087061529625, -9.156757750533906, 9.42477796076938, 3.6177087802300836, 0.8360528090032502, -1.56685966035286, 3.1987923856245386, 0.9914886582032109]"
tVHA,8.0,0.0,1000,0.0,-1.070419127747,"[-4.898643763563505, 9.42477796076938, 9.42477796076938, 8.656115437753694, 9.42477796076938, 9.42477796076938, 9.42477796076938, -4.756646019108057, -0.2819929328221821, -1.1252235812574667, 1.2437344157857408, -0.48837342300188724, 4.0743862791023435, -0.3679798747783098, 0.9201554514000576, 3.64060303684456, 1.7141414229121756, 0.37270776389943716, 2.118072103314144, 2.243072103314144, 2.368072103314144, 2.493072103314144, 2.618072103314144, 2.8463849778854997]"
tVHA,8.0,0.231191986106,1000,0.0,-1.104566455168,"[0.2260280572224231, 5.2581810075642235, -3.436921939775429, 5.63119344902953, -2.7595826961551104, 7.686815720830395, -3.025761273654857, 5.189556493718495, -2.5608054608888082, 0.3015555759225479, -4.066226662111562, 3.3289040612242484, -1.0435244835939486, 1.572559663528812, -0.40068710345897274, 0.8666630961436169, -9.335741406178377, 6.081631878429835, 0.4868442114094257, 1.3856376943625461, 3.626413823095615, 0.039051775714609424, 0.8261900289677395, 1.0114235903375106]"
tVHA,8.0,0.462383972212,1000,0.0,-1.104566454954,"[0.8907310353277971, 4.124817510775795, -1.7404080415969685, 2.292047212350093, -2.6633659758740995, 5.928427873511019, -0.7926450477399057, 6.289733716971054, -0.8370610240492299, -0.16421017695144305, -0.5667607206338765, 1.116929442514225, -3.1560543441796614, 2.331530241320425, -1.2210434927615048, 0.7917898247088204, -9.42477796076938, 3.742770121384873, 5.035977477148425, -2.565271373493956, 0.6228772486562417, 2.7015108158492156, 0.11333998273408968, 1.8202194379276402]"
tVHA,8.0,0.624111241171,1000,0.0,-1.104124330249,"[0.2549348488354036, 4.190255290435889, -2.034745335520576, 1.028814480102766, -4.583911717878639, 4.3117836651324914, -0.031219085132535657, 9.42477796076938, -4.342739740387727, 2.8153470468967434, -4.402457359751121, 4.196460104554986, -3.0320282549832016, 3.874646024410503, -0.06404359141883151, 1.3203523774398342, -8.848496269507761, 9.42477796076938, 2.6092204358135582, -3.9518735663839655, 3.869047469117304, 0.5577277617600009, 1.0778137473424239, 0.8774388033303013]"
tVHA,8.0,0.785838510129,1000,0.0,-1.10456645516,"[-0.2111659885510074, 5.017466318143374, -2.3342459779579015, 6.685113620213326, -3.3948860184463543, 6.169500144935719, -2.543987414712856, 6.336903257786638, -5.503660482417949, 6.469262650199828, -4.206746808035348, 5.003401959046977, -2.554161721803763, 3.2917860660795846, 0.3027285155629467, 0.6640704384351492, -4.069098450019679, 4.4566765366023535, -5.39577760295722, 8.80062439060872, 0.6097441783669149, 0.7621415777838425, -0.2754855909142309, 1.9848156658225817]"
tVHA,8.0,0.892919255064,1000,0.0,-1.104546960961,"[0.12042484149578078, 4.717589719860193, -3.585682044527481, 6.783463776782794, -1.9218128048439824, 8.176417968412412, -3.723947509045479, 5.2579400311465685, -6.599590814833762, 6.620235095141764, -4.473922104917225, 7.067733042355874, -1.866758530257417, 2.90024956674808, -0.34793557500738065, 0.9102833268244978, -2.483700791122973, 6.407301010103282, -0.2254413733097893, 0.47342277091846513, 1.8553684928375442, 0.23315612245936895, -1.3685318440657592, 2.6339545309440497]"
tVHA,8.0,1.0,1000,0.0,-1.104566455101,"[0.22316799366194046, 9.350254186768472, -0.97874018321086, 6.4064845071132375, -2.679430578675722, 6.044432293683926, -7.0000278892695, 5.624384449095884, -4.585191839781968, 9.357177281269735, -5.220996606895536, 4.997182710284705, -1.7437760718767261, 3.0941064625115007, 1.128815413965504, -0.16586185381327856, -6.794662026030757, 8.605511233901877, 9.42477796076938, -9.42477796076938, -2.5852763579074622, 2.66133721413168, 0.06779054727480283, 1.8982129412216238]"
tVHA,9.0,0.0,1000,0.0,-1.0703061275,"[9.42477796076938, 9.42477796076938, 9.261614957810727, 9.42477796076938, 9.42477796076938, 9.42477796076938, 9.42477796076938, 8.729783304701268, -9.42477796076938, -1.2930747851441358, -0.0062296386096647, -0.5453342033916251, 0.12648225627436693, 0.5800675446721738, 0.6308644656950733, 0.9458948858056235, 0.6265547817145524, 1.0, 1.570084334053735, 1.2621777365342468, 1.3589798391592767, 1.5443052937789288, 1.628430594209066, 1.5834964131667004, 1.8034242836037218, 1.3635923970276542, -0.661453040041469]"
tVHA,9.0,0.231191986106,1000,0.0,-1.10456639195,"[0.48778529254294845, 5.090814750602587, -2.985282086926895, 7.522247258731366, -3.5283112858384134, 1.9322931472526643, -5.542520576617594, 9.42477796076938, 2.274478704106511, -3.396478382339831, 3.423615952982452, -2.6573532538835725, 3.4141711307892573, -5.499243913518448, 3.2927312146279784, -1.786149708985954, 0.06231463902664913, 1.9345493099038173, -9.42477796076938, 7.34474800194211, 5.112071005640765, -0.44327789777328896, 5.1683587344457464, -3.8631483443114423, 1.5744968542885935, 0.9376356142784302, 0.3404114347266442]"
tVHA,9.0,0.462383972212,1000,0.0,-1.104566453582,"[-2.5776659160898596, 7.4491042114650305, -2.818098510180596, -3.3485545480465384, -3.650499730054693, 5.203488668863197, 9.28373543555904, 9.42477796076938, 1.3512628990582252, -2.2334600932319306, 1.5734443399143756, -2.9316281494578744, -0.7176613829486561, -1.526572415630754, 5.009311808946734, -0.4169873121532522, 0.9206298659229504, 0.9908285059701847, -9.335151224658269, -3.9700211223892867, 7.835924458023663, -4.629323162137718, 0.9793519709762157, 0.6666666666666666, 0.23398699158238015, 0.7335733341154677, 1.0]"
tVHA,9.0,0.624111241171,1000,0.0,-1.103986007667,"[0.5036475551757709, 1.931334096494044, -2.323925301190627, 8.357512109042757, -0.9263070846995076, 6.808996937964, -6.844250468476865, 4.318390211698603, 2.365236028988323, -2.082083042893941, -1.0373921837315736, 1.081251395210979, 2.302725222445205, -0.13998951013827285, 2.4852752623118777, -0.40828601563548866, 5.625988184983407, -7.580360827300975, -9.42477796076938, 9.42477796076938, 7.581113868502658, -4.219653375236384, 0.7327914930942749, 0.18854655904706713, -0.925346080209878, 1.6640045724935526, 1.1138727232907297]"
tVHA,9.0,0.785838510129,1000,0.0,-1.104566454983,"[-0.08664107116335504, 5.960405231609768, -3.1953732826035557, 6.974429122014253, -3.9253938181183416, 8.382396260238236, -5.011096866172998, 7.535420887102635, 2.8047325917777677, -1.51049178719801, -1.2324290807382536, 4.10873898140009, 0.7625654082755661, 1.3778662918635232, 4.1185412769171865, -1.4079161713602366, 8.868659365590556, -6.275181519431638, -5.308474226720282, 9.42477796076938, 6.887299461953831, -0.9449021859814264, 0.5455105759919714, 0.7485540808019256, 0.17133591284210214, 1.3365578105734262, 1.0214398163077445]"
tVHA,9.0,0.892919255064,1000,0.0,-1.104527597223,"[1.1163433245221983, 4.759447371636827, -2.877380185193653, 7.986128633305702, 1.8661791016773996, 5.308255227713671, -9.423226104873596, 7.7848455076192105, 2.9280802292814143, -2.689197403078564, -1.528816847149237, 4.183543037115524, 2.994556532138102, 1.759992319213273, 4.081376675791968, -2.354013062147448, 9.42477796076938, -6.765992742499083, -3.9282020512978275, 9.408219005898928, 3.7773893110740486, 0.8125910019723097, 1.5583847836812597, -1.4822570510905722, -1.676619035446042, 2.575253747313896, -0.4521547048367544]"
tVHA,9.0,1.0,1000,0.0,-1.104566454514,"[0.7081482296211916, 5.039532050538135, -3.214162769975167, 8.325095686921596, -2.9652670891612134, 5.547104317438744, -3.3094397471011137, 8.349816493124402, 1.6169238213804524, -0.2902693526002327, -1.4552867500376836, 2.7467686720478963, 0.8379504994859506, 0.5914021127829407, 7.659405932236306, -3.9420930637018143, 0.5935746147621158, 2.172210071286608, -8.040952628473296, 9.42477796076938, 9.42477796076938, -2.6105863613475497, 0.06487730643134991, 1.0768878896009828, 0.2806343512290439, 0.5366430964184304, -1.9965802930214394]"
tVHA,10.0,0.0,1000,0.0,-1.07030126369,"[6.2123987324103505, 9.42477796076938, 9.42477796076938, 9.42477796076938, 9.42477796076938, 9.42477796076938, 9.42477796076938, 9.424777960769378, 9.377852167327815, -9.42477796076938, 0.6552431637825569, -1.9004543231604183, 0.8656079956064, -0.03272918853682688, 0.49266326736170174, 0.6733800100345188, 0.7312838622943774, 0.7530742065584339, 0.8311011347446784, 1.0734955644255901, 1.161438245788338, 1.2614382457883382, 1.3614382457883383, 1.4614382457883384, 1.561438245788338, 1.0523112755689024, 1.756100474972669, 2.326083335373503, 7.3769339972264945, 2.461660613701071]"
tVHA,10.0,0.231191986106,1000,0.0,-1.104566455033,"[1.6369797549116178, 6.883263543935827, -2.9760782021995817, 6.052078831037857, -3.800810261262998, 2.223068334873191, 0.4144501783659507, 8.479672894511955, -6.630020438943179, 8.98229935710668, -0.9716773279366062, -0.8322444667969346, -5.264270827164925, 3.9143706581409674, -3.110752284605568, 2.2274073235280705, -0.915600780601141, 1.502664341536338, -1.824692303931843, 2.184899042933761, -9.42477796076938, 0.49452431127404317, -3.5522418756727103, 3.3386136040794083, 1.7610621274803666, 0.41514295725466527, 0.3760424547978306, 0.8953752461456093, 0.9, 1.0]"
tVHA,10.0,0.462383972212,1000,0.0,-1.104566455005,"[1.2251820893050802, 6.998593278056458, -2.9578211929893996, 6.466467992025329, -4.34493073538837, 4.445607781690056, -1.7260936520219001, 8.502504455341088, -6.353544590086113, 8.331894791152834, 0.7558896309011398, -1.7721797767232452, -4.551444855788424, 3.1745777622333895, -2.6444006737582026, 3.10287993529498, -1.7536409403197708, 2.041052230015713, -0.4038551660539723, -0.4760035310460011, -9.42477796076938, 0.49452431127404317, -1.8171129368775776, 3.2458051664718974, 0.23359576691757034, 1.6720275086034255, 1.0631337493397766, 0.42390561027025253, 0.9, 1.0]"
tVHA,10.0,0.624111241171,1000,0.0,-1.104147663621,"[1.401356141285958, 4.842900560792822, -4.729438858823952, 0.185109524367005, -4.708677283210354, 7.29086114438919, -0.5162162376161469, 9.364080531995647, -7.238003491044435, 9.378609253031566, -3.7726827606523123, 0.5417210568765296, -3.5784049646232825, 6.0541859427812375, -4.479978202377959, 4.936337615720037, -0.637194185230826, 1.1416776031556732, 0.23902312935977932, 0.9015743882658047, -9.42477796076938, 9.42477796076938, -6.498011107215233, 9.42477796076938, 4.739938125799542, -2.666393659476601, 1.8965609114539068, 0.022654176500497992, -0.8657917681829492, 1.037903128964882]"
tVHA,10.0,0.785838510129,1000,0.0,-1.104566454924,"[1.294524311274044, 5.050035813390453, -2.168452813822149, 6.889966469108703, -4.8423086675513005, 8.090638170943631, -3.843716267938616, 8.911786710061925, -6.29174195766964, 7.6190329552820835, -5.91551952463756, 5.731976992591442, -6.009701713793731, 5.831727552824469, -4.849902447153869, 4.763503415032405, -1.5357419029117843, 2.958645255140227, 0.31506416786237756, 0.737268996774739, -6.968583470577036, 9.42477796076938, -9.42477796076938, 9.42477796076938, -5.251465093239066, 5.264702062735797, 0.7815522256469041, 0.784849139209671, 0.9, 1.0]"
tVHA,10.0,0.892919255064,1000,0.0,-1.104537754881,"[1.294524311274044, 4.828959265437589, -2.8461103783718125, 6.1281018616000225, 2.3520960039553467, 9.319807274077084, -6.967421699321377, 5.390221733246198, -6.853835057080724, 8.8477687564854, -6.744113054221151, 5.771010660739686, -3.9405112839443506, 5.764818143606462, -2.872527748243379, 5.206351266050426, -1.4566490254465454, 2.3018283996209354, 0.864334946681659, 0.0853639552231863, -5.796849342239222, 8.037121847517968, 1.4090681096413185, -0.6262331470954938, -1.0403751844493903, 0.8855066656455117, -0.8094370952794709, 1.8626889186310507, -0.16844394961688197, 2.7136597164526535]"
tVHA,10.0,1.0,1000,0.0,-1.104566453618,"[1.294524311274044, 4.404310852335189, -2.319154159233607, 6.034762773711125, -1.7537566692062674, 8.634897550191432, -4.903453940831418, 8.313297928547776, -5.760933905768334, 7.603561499771708, -4.3706830513597685, 4.285409679153908, -2.505057190738617, 3.727454783998189, -5.558448133585662, 8.66319059657013, -0.9724925183584465, 2.1419506800671915, 1.8953464551923929, -0.12323436675499533, -9.42477796076938, 9.42477796076938, 4.018804089972267, -1.9325802641096468, 1.7068418597850261, -0.6593358860798649, -3.177327651485971, 3.766408923141375, -0.2164793238707326, 1.12091564441611]"
