,ansatz_name,trotter_steps,threshold_gamma,max_evals,cx_error_prob,energy,optimal_parameters
0,HEA,,,1000,0.0,-1.849671772973,"[0.2267038972530032, 3.067961575771627e-05, -2.996056226339143e-08, 0.0, 3.511003390241183e-08, 0.5772676325421076, 0.269903833491862, 0.18849555921538758, 0.0, 0.0, 0.0, 0.0, 0.0, 0.0, 0.24529886779079288, 0.0826448477979823, 0.0, 0.0, 0.0, 0.0, -9.362675707309822e-08, 4.681337850698242e-08, -4.681337853654911e-08, 2.356194513599034, 0.0, 0.0, 0.0, 0.0, 0.0, 0.0, 0.0, 0.0]"
1,HEA,,,10000,0.0,-1.84967177332,"[0.22670389629746315, -8.489452624726638e-09, -3.432203967205681e-09, 7.107410677282019e-09, -0.01645195267925436, 0.5850157050868021, 0.18770223014280008, 0.2353992666878876, 7.823593174535196e-09, -9.033412094119726e-10, 3.844446081765287e-09, 7.156687957160521e-09, 2.3553153481643803e-05, 2.3700179960113983e-05, 0.8853478971259714, 0.10231502106139201, 7.156670115579583e-09, -3.3962372498147735e-08, -1.0471388490399366e-08, 7.156687957160521e-09, 4.216780782400731e-10, 0.36022847221481935, -5.7605451620119174e-08, 0.27343555391796487, 3.844446081765287e-09, -5.321190325318954e-10, 3.844446081765287e-09, 7.188601211415768e-09, -0.02730536178291599, -0.031639089277396434, -0.022513965570547585, -0.034632236085447354]"
2,HEA,,,10000,1e-06,-1.849665090368,"[0.22670347051360046, -1.801124918779549e-08, 2.6463285520027763e-08, 4.617678616589368e-09, 2.238566427126758e-09, 0.5379987849941621, 0.20427938425736697, 0.2042840346744148, 4.994519038226428e-09, 5.9523495233352216e-09, -3.862567645542419e-10, 9.44096376764898e-09, 2.741033899724394e-07, 3.103891943531746e-07, 0.20428244094905926, 0.2042840289995395, 3.5176694815284433e-09, 5.254732969059928e-09, 4.538255629899766e-08, -1.062518520870629e-08, -9.45978661898196e-08, 0.23867106953158101, -1.229722427616745e-07, 0.3444323888165537, -3.517675309885958e-09, 1.693033206367132e-08, 3.517675309885958e-09, 5.204359356831201e-09, -4.411522195408599e-08, -5.178098085593971e-08, 9.236609640730774e-09, 1.5225878102868556e-08]"
3,HEA,,,10000,2e-06,-1.849658407456,"[0.22670303430607294, 6.96409038060095e-09, 2.4832936560057712e-09, -8.639089826112369e-09, 4.728982942354898e-09, -0.3931564784290974, 0.22083825499991916, 0.2205891601439931, 1.92151496610168e-08, 3.825021536839851e-09, 4.532131379027348e-09, 2.2979792581848104e-09, -3.519759831142038e-10, -3.3439473593500694e-08, -0.026808728292909055, -1.2199287399124024, -3.818173397120433e-09, 2.92483176772393e-09, 2.9247852575526213e-09, -5.157092193843476e-09, -3.006084880512587e-08, 0.0690829753613149, -2.8514704181232558e-08, 0.16870594442247455, 2.8700068226573065e-09, -3.4991090912222494e-10, 9.577957944064103e-09, -1.3906993043883135e-08, 1.6595840461132381e-07, 1.0055775843540118e-07, 1.1753413570609893e-07, 1.627703912848959e-07]"
4,HEA,,,10000,5e-06,-1.849638358963,"[0.2267017363344242, -5.952682281047057e-09, 6.768658951007497e-09, -3.5611498335470204e-10, 6.596515659836572e-09, -0.44236051120137626, 0.15122166623937547, 0.3665024109440711, -1.610997489440488e-08, -4.2952915452047763e-10, 1.912011889313616e-09, 8.998819737591819e-10, -2.9736317701465082e-08, -3.159073918782231e-08, 0.828869423349927, 0.044871812795257635, 9.373638766555389e-10, 3.796514830700843e-09, -9.3534338022716e-09, 6.907361103478381e-10, -6.053873791809529e-09, 0.23561941688530857, 3.796514830700843e-09, 0.7408095331191885, 2.6523594399613646e-09, -2.3286176732471735e-09, -5.001450750291707e-10, -3.462924901866701e-08, -2.9736317701465082e-08, -2.6964136254318194e-08, -1.3930473616917658e-08, -3.303405112036612e-08]"
5,HEA,,,10000,1e-05,-1.849604945618,"[0.2266995616827347, -6.768402000722053e-09, 6.393642425169588e-09, 9.906989977653462e-09, 4.729515683199556e-09, 0.24223656547198247, 0.21909477562066412, 0.21865431022441614, -8.0106390132452e-09, 1.0890859505234188e-08, 7.0235082524381464e-09, 8.126905376840637e-09, -0.06307736763326768, -0.048931337591527325, 0.21771786104183255, 0.23512980275219075, 1.6052297198539476e-08, 5.846017009418077e-09, 1.9042357901118357e-09, -1.4583704794461503e-09, -3.029658179753853e-08, 0.09440982414833168, -0.01645196778863015, 0.4681524293694334, -9.493317126515556e-10, 2.9155811182410885e-09, 1.0095349506114656e-08, 3.934251406783753e-09, -0.007514305810317513, -0.02163521716799004, -0.0178182931916265, -0.0013915261962171163]"
6,HEA,,,10000,2e-05,-1.849538121966,"[0.22669528685176094, 1.6083437645375547e-09, -7.358057987642531e-09, 2.5471626592380376e-09, 5.546164627976279e-06, 1.01483602706928, 0.21893398770788997, 0.21952271087030273, 4.685144855970311e-09, 8.52398845570818e-09, -2.028803939597887e-11, 1.414515718037132e-09, 1.1456132837460032e-07, 4.298368235736613e-06, -0.03944264964289771, -0.3723644216122144, -3.050027348100472e-08, 9.33228636538157e-09, -1.816743813514668e-09, -6.822479080980196e-09, -5.442245941961841e-08, 0.22355754616470036, 1.0570485102222797e-06, -0.03545899006551469, 4.689689563059976e-09, 3.725433956035845e-09, -1.6886411824913397e-09, 4.689689563059976e-09, 5.062114207099221e-07, 6.771256130337691e-07, 1.790304450402923e-07, 1.707948137595344e-07]"
7,HEA,,,10000,5e-05,-1.8493376753,"[0.2266823633160705, 2.9611676003380098e-08, -6.456960928342925e-09, -3.551199287655791e-09, 4.617124625196054e-08, -0.2351313064233042, 0.21527452014865583, 0.20870387828021952, -1.873196210751021e-09, 3.881639388602378e-09, -5.6473304102853584e-09, -1.7139075109907347e-11, -2.7770112868289146e-08, -1.7472560260915978e-08, -0.026861618375113465, 0.05700850185496317, -5.327017204776081e-10, 3.881639388602378e-09, -2.7401503197415726e-08, -3.34934799017784e-09, 1.395386090017115e-06, 0.3449063189529753, 1.4618591198750447e-06, 0.0647998076617059, -3.2153329381671126e-08, -2.0580986100856782e-08, -1.822123163690121e-08, -2.9209933360435617e-08, 6.235482220319441e-08, 1.670253119349531e-07, 2.1893912480329865e-07, 9.437653677405429e-08]"
8,HEA,,,10000,0.0001,-1.849003678484,"[0.22666082066926757, 6.8626121428145405e-09, -2.609797219185405e-09, -2.5085611294911513e-08, 2.1491855858382008e-07, 2.3471187260732496, 0.21553284612640566, 0.2119001606699581, -5.551733333634034e-10, 2.4337535622325062e-09, 2.47981739415204e-09, 4.4149011353364695e-12, 2.4800523682749003e-09, 2.922596558463941e-07, 1.4065756047277294, 0.290786041044058, -3.0291367585900884e-10, 2.4800523682749003e-09, 2.440716893932528e-08, -4.5680818715606507e-08, 1.0215617915977457e-06, -0.01913370055825741, 8.519810731344719e-07, -0.025998927793632876, -1.519979765085776e-08, -8.037057873883431e-09, 2.4978620659196734e-09, 3.2685055418869908e-09, -1.7484543453197238e-06, -1.6401987691121595e-06, 1.1947017651708267e-07, 7.842381635916289e-08]"
9,HEA,,,10000,0.0002,-1.84833598835,"[0.22661770577822085, 1.563719375192859e-08, 1.9229368145127417e-08, 2.804039565377968e-10, -0.016451967355414245, 0.3955474213780904, 0.4864850653857229, 0.2019691269370893, 6.936890358292991e-09, 1.199551247106014e-08, 1.903521648818349e-08, 2.804039565377968e-10, -0.027311901720188932, -0.07126612787887851, 0.3524995989637987, 0.18273669738318837, -7.88357403604416e-09, -7.85543018446154e-09, -3.7431523278610475e-09, 2.7818694489661052e-08, -0.015735323416238234, 0.3860805395387221, 0.001253379095025642, 0.22804389118186902, 6.266238695897508e-09, 1.9021229415936103e-08, 1.2785360116382063e-08, -9.154232503874862e-09, -0.02898991933938859, -0.017234238194848886, 0.0012420057648133863, -1.1497062208288176e-07]"
10,HEA,,,10000,0.0005,-1.846335343902,"[0.22648842896890115, -2.3475563727129922e-09, 1.7512708413111004e-08, 1.1402304346836142e-08, -1.967783882678332e-09, 1.614411992902042, 0.21513032394038867, 0.21564444697115995, 1.4004064192413829e-08, -1.5355377463022387e-08, 1.71202730776677e-08, -1.0158393786843334e-08, 3.5029307626818157e-07, 3.990235016131367e-07, 0.2489226699851044, 0.06435405747945594, -1.183388699385957e-08, 7.96115245004172e-09, 2.4179671003082224e-09, 1.5057715475899402e-09, 0.01616415654145805, -0.4804538836066949, -5.989651008152872e-07, -0.829153909799597, 1.139327252613213e-08, -9.422234293774439e-10, 1.183388699385957e-08, -6.684331518817848e-09, -0.042871314019131496, -0.026718771225759608, -0.02299515134002423, -0.022982997067367034]"
11,HEA,,,10000,0.001,-1.843009009457,"[0.22627304789438085, 2.0843309644641597e-08, -1.838630859438548e-08, -1.1825267264616307e-09, 0.016592050956749475, 0.3926357139248186, 0.5886783012470009, 0.2298083070943486, -9.3077228822047e-09, 2.4191935018071916e-09, -1.1427409198156958e-09, 3.1080464398469423e-09, -0.02850906819425423, -0.007346832250007685, 2.5532313538849865, 1.1813706500285615, -3.1558651058923676e-09, -4.003498524331947e-10, 3.155549210354077e-09, -3.9920823340328986e-10, 0.012737015365952438, 0.4050673935993122, 0.003610670757549478, 0.3613351366411486, 8.550789536475842e-09, 1.7437576007044552e-08, 1.8697940732799854e-08, 7.914403008784784e-09, -0.025055739952162738, -0.01687361491021458, -0.02196372003473425, -0.025589704501780657]"
12,HEA,,,10000,0.002,-1.83638651284,"[0.2258423144315066, -2.730934790841048e-09, 2.6324809333574837e-09, -3.6252314549374915e-09, 5.3681944842792435e-08, 0.17451394379467605, 0.22079674766271512, 0.2178029996204061, -9.31200617293638e-09, -9.172537744626313e-09, 1.5864948578760447e-08, 5.446732998048011e-09, -1.4195092112062487e-08, -1.4525736578853368e-08, 0.04355529918962059, -0.43835152322162285, 1.4028765327855703e-08, 2.8122571443783018e-09, -1.007615584905933e-09, 6.732928256068843e-11, 4.5954501937962306e-07, 0.5471865602361168, 4.2263482904594234e-07, 1.5725948272447259, 6.819194749288549e-11, 2.845179923484935e-09, -5.656420679540699e-10, 2.845179923484935e-09, 1.7572955310529484e-07, 2.1899993463818937e-07, 1.3332186213445172e-07, 1.5300470090049005e-07]"
13,HEA,,,10000,0.005,-1.816758386248,"[0.2245505382870187, 1.0367815881104945e-08, 3.808613828404823e-09, -2.0153797857426257e-09, -0.09817481255672177, 0.3926990585292838, 0.6033507231225252, -0.06291695535999722, 1.5169560633401172e-09, 6.136455607170189e-09, 5.4916296101494315e-09, -6.719495310857686e-10, 5.585119852306617e-09, -8.300625561047909e-09, 0.06628975225656761, -0.4305729424484927, -1.4968695244299362e-08, -1.2224242565416172e-09, 6.857563719125693e-09, -5.99887440749553e-10, 0.09817485518102229, 0.39269909340206877, -2.045525598871124e-08, 0.03930286940785607, -8.07091284432329e-09, 1.6738689411714746e-08, -1.2896198544614965e-09, 5.019672498993146e-09, 1.9377222058472948e-07, 3.114530566930244e-07, 2.75045163543895e-07, 1.9526126304458323e-07]"
14,HEA,,,10000,0.01,-1.784829445833,"[0.22239951166937866, 4.113718160905796e-09, -1.1074061761792996e-08, -1.7266834237703887e-08, -8.644507609840097e-09, 0.7897380545174357, 0.22170622899553527, 0.1820059956254334, 5.139625213404842e-09, -5.471757927256842e-09, -4.586540951422524e-09, -5.670675470080294e-10, -0.035799224783982564, -0.027238334917561405, 1.738385972964072, -1.0179964221849467, -8.77010330566353e-09, -1.0689778940595585e-08, 6.074328222414678e-10, 2.0901549180910967e-08, -0.00020239778735324423, -0.12848565174280796, -0.01645205641107822, -0.20287098752137103, -5.966501139461493e-09, -5.785199876502844e-09, -1.4360712947723917e-08, -7.662475327883283e-09, -0.03451478020299982, -0.04327753692509713, -0.01893212275056806, -0.002480644393082136]"
15,HEA,,,10000,0.02,-1.731859955218,"[0.39078102462856057, 3.572749404143995e-08, 1.0373824090827932, -1.360675563916518e-06, 3.849987369327372e-05, -1.3854859461334585, 0.43979851765179556, 0.23650116366632193, -8.800671076483751e-08, 9.699894795133402e-07, 1.9371420091822415e-07, -3.2651271249160704e-07, -3.194498302257254e-05, 3.31635323562762e-06, 0.02378409668256736, 0.4160139725307985, 0.33022551647629883, 9.607808523377927e-09, 1.070765289441248, -1.1256765137149465e-06, 0.0002460834841006486, 0.1736569431662584, 3.030797062775277e-06, -1.2551003969383154, -1.9106536047425307e-08, -8.56915178219884e-08, 3.8342279802400186e-07, 6.840450241056085e-07, -0.00027684566722282057, -5.178407976676916e-05, -1.5580115330138424e-05, 5.471471491428557e-06]"
16,HEA,,,10000,0.05,-1.561708266443,"[0.20528551520289992, -1.510252018558617e-09, -1.9326484826990678e-08, -2.8621140652723215e-09, 3.2406526867803374e-08, -0.15461225166495451, 0.30830570760553544, 0.2118180362754248, 3.6356403063973575e-09, 4.180796119125815e-09, -1.2219496153208627e-09, -7.570370709694285e-10, 2.6158776108819644e-07, 3.7471312771842985e-07, -0.04005530187171071, 0.22034780353106292, 8.869317861425658e-09, -3.2253334930481824e-08, -1.0704012098757621e-08, -1.3351768777756627e-08, -3.7834016958220347e-08, 0.3885740910405052, 5.80603765887423e-08, 0.4162610264951746, 1.2770879393739358e-08, -1.1666413226461699e-08, 1.2367427681835583e-09, 3.6356715035399812e-09, -1.694470603613253e-08, 2.0380823000996364e-08, -1.6781137990284068e-06, -1.7811950626913194e-06]"
17,HEA,,,10000,0.1,-1.350468451378,"[0.18417336565954262, -1.776952707237698e-08, 1.0920218886459086e-08, -6.737327581879742e-10, 0.030115137904861727, 0.39269852999185884, 0.33165517321333937, 0.21897518210554473, 2.0492188249590575e-10, -2.8841613386208292e-08, 4.777031092415919e-09, -6.729371255783198e-09, -0.051346740891989956, -0.021231483970715344, -0.08540384344896124, 0.21916640551367272, -6.737327581879742e-10, 4.6804491470363314e-09, 8.634620392427984e-09, -1.173470819082108e-09, 1.6859983088728155e-08, 0.38565842265203343, -1.3282141778575096e-07, 0.4735515256419217, -8.229266265184411e-10, 4.777097871910093e-09, -9.397381401320797e-10, 4.7994267710719844e-09, 1.7895887281733284e-07, 2.043980922127532e-07, 2.4011219126404675e-07, 2.551982874021027e-07]"
18,UCCSD,,,1000,0.0,-1.84967177332,"[2.6996475187884418e-09, -1.5662356685645086e-09, -0.11335194663937376]"
19,UCCSD,,,10000,0.0,-1.84967177332,"[1.7125011739231858e-08, -1.6146909724814153e-08, -0.11335196172844739]"
20,UCCSD,,,10000,1e-06,-1.849635321831,"[-1.1990625674316832e-08, -3.4924599218960293e-09, -0.11335173786144534]"
21,UCCSD,,,10000,2e-06,-1.849598871692,"[-1.0480788673443635e-08, 2.873677856608459e-09, -0.11335152496482102]"
22,UCCSD,,,10000,5e-06,-1.849489529371,"[5.706552172585317e-09, 1.9360793778836353e-08, -0.11335089797847575]"
23,UCCSD,,,10000,1e-05,-1.849307319159,"[-5.762575279732057e-09, 6.614679412877386e-10, -0.1133498267110809]"
24,UCCSD,,,10000,2e-05,-1.848942999915,"[7.79861474749008e-09, -6.2258990825753245e-09, -0.11334773712772783]"
25,UCCSD,,,10000,5e-05,-1.847850851178,"[-5.093122632000513e-10, -3.91046870853352e-09, -0.11334138936781096]"
26,UCCSD,,,10000,0.0001,-1.846033296849,"[-7.44119028880479e-09, 4.4040012150353473e-10, -0.11333082898782328]"
27,UCCSD,,,10000,0.0002,-1.842408265979,"[2.6753919081556834e-10, 5.863382446434297e-09, -0.11330967589331066]"
28,UCCSD,,,10000,0.0005,-1.83161333631,"[6.238098266585069e-09, 6.019900468462308e-09, -0.11324630312662448]"
29,UCCSD,,,10000,0.001,-1.813885961949,"[3.930479304813002e-09, -6.444782396895934e-09, -0.11314066773813572]"
30,UCCSD,,,10000,0.002,-1.779399521379,"[1.3304624390733147e-08, 1.2996170476002396e-08, -0.11292928729926682]"
31,UCCSD,,,10000,0.005,-1.683259741982,"[-2.0770051060859914e-09, 1.2970771140715343e-10, -0.11229498395178991]"
32,UCCSD,,,10000,0.01,-1.544824626104,"[-4.024064075592315e-09, 1.3222395422668069e-08, -0.11123816799824109]"
33,UCCSD,,,10000,0.02,-1.333373918905,"[4.113741131002387e-08, -1.348285071989914e-08, -0.10913417822061508]"
34,UCCSD,,,10000,0.05,-1.009297606704,"[-1.6573013725331524e-08, -8.201277688539007e-09, -0.10309717003546578]"
35,UCCSD,,,10000,0.1,-0.858269548823,"[1.0739445102419942e-08, -8.65167927083963e-08, -0.0953965665835524]"
36,UCCSDT,,,1000,0.0,-1.84967177332,"[2.6996475187884418e-09, -1.5662356685645086e-09, -0.11335194663937376]"
37,UCCSDT,,,10000,0.0,-1.84967177332,"[1.7125011739231858e-08, -1.6146909724814153e-08, -0.11335196172844739]"
38,UCCSDT,,,10000,1e-06,-1.849635321831,"[-1.1990625674316832e-08, -3.4924599218960293e-09, -0.11335173786144534]"
39,UCCSDT,,,10000,2e-06,-1.849598871692,"[-1.0480788673443635e-08, 2.873677856608459e-09, -0.11335152496482102]"
40,UCCSDT,,,10000,5e-06,-1.849489529371,"[5.706552172585317e-09, 1.9360793778836353e-08, -0.11335089797847575]"
41,UCCSDT,,,10000,1e-05,-1.849307319159,"[-5.762575279732057e-09, 6.614679412877386e-10, -0.1133498267110809]"
42,UCCSDT,,,10000,2e-05,-1.848942999915,"[7.79861474749008e-09, -6.2258990825753245e-09, -0.11334773712772783]"
43,UCCSDT,,,10000,5e-05,-1.847850851178,"[-5.093122632000513e-10, -3.91046870853352e-09, -0.11334138936781096]"
44,UCCSDT,,,10000,0.0001,-1.846033296849,"[-7.44119028880479e-09, 4.4040012150353473e-10, -0.11333082898782328]"
45,UCCSDT,,,10000,0.0002,-1.842408265979,"[2.6753919081556834e-10, 5.863382446434297e-09, -0.11330967589331066]"
46,UCCSDT,,,10000,0.0005,-1.83161333631,"[6.238098266585069e-09, 6.019900468462308e-09, -0.11324630312662448]"
47,UCCSDT,,,10000,0.001,-1.813885961949,"[3.930479304813002e-09, -6.444782396895934e-09, -0.11314066773813572]"
48,UCCSDT,,,10000,0.002,-1.779399521379,"[1.3304624390733147e-08, 1.2996170476002396e-08, -0.11292928729926682]"
49,UCCSDT,,,10000,0.005,-1.683259741982,"[-2.0770051060859914e-09, 1.2970771140715343e-10, -0.11229498395178991]"
50,UCCSDT,,,10000,0.01,-1.544824626104,"[-4.024064075592315e-09, 1.3222395422668069e-08, -0.11123816799824109]"
51,UCCSDT,,,10000,0.02,-1.333373918905,"[4.113741131002387e-08, -1.348285071989914e-08, -0.10913417822061508]"
52,UCCSDT,,,10000,0.05,-1.009297606704,"[-1.6573013725331524e-08, -8.201277688539007e-09, -0.10309717003546578]"
53,UCCSDT,,,10000,0.1,-0.858269548823,"[1.0739445102419942e-08, -8.65167927083963e-08, -0.0953965665835524]"
54,tVHA,1.0,0.0,1000,0.0,-1.829025004799,"[11.472118728143812, 16.96734921074271, 440.8229715025701]"
55,tVHA,1.0,0.0,10000,0.0,-1.829025004799,"[4.849402560662854, 5.708383514992331, 2.6379241385068473]"
56,tVHA,1.0,0.0,10000,1e-06,-1.829017990214,"[0.7545630600676667, 3.417540672218429, 1.7338865988934615]"
57,tVHA,1.0,0.0,10000,2e-06,-1.829010975673,"[0.9999488673070704, 2.6894650805457294, 1.7016615136860451]"
58,tVHA,1.0,0.0,10000,5e-06,-1.828989932316,"[1.0001585113480815, 1.9804796134621585, 2.465583703168368]"
59,tVHA,1.0,0.0,10000,1e-05,-1.82895486094,"[3.356189479188438, 2.3691238725906922, 1.9493537428767793]"
60,tVHA,1.0,0.0,10000,2e-05,-1.828884721508,"[1.0001585113579885, 1.9804796134522515, 2.4655837029630456]"
61,tVHA,1.0,0.0,10000,5e-05,-1.828674329764,"[0.754563059720901, 3.417540672218429, 1.7338865988987495]"
62,tVHA,1.0,0.0,10000,0.0001,-1.82832376535,"[4.411573272209729, 3.7478670806836636, 2.2254165842969478]"
63,tVHA,1.0,0.0,10000,0.0002,-1.827622968253,"[0.8527378443706217, 2.420466209582104, 1.771236181099379]"
64,tVHA,1.0,0.0,10000,0.0005,-1.825523228478,"[3.3559856983628826, 2.3517404614386317, 1.9590094374295426]"
65,tVHA,1.0,0.0,10000,0.001,-1.822032485032,"[0.8527369680165322, 2.789226202831919, 2.2413986672016355]"
66,tVHA,1.0,0.5,1000,0.0,-1.84967177332,"[0.9999999999999651, 0.5818880487704711, 0.778527834804396]"
67,tVHA,1.0,0.5,10000,0.0,-1.84967177332,"[-2.9576703826360333, 6.88746943433132, 0.7785277797925789]"
68,tVHA,1.0,0.5,10000,1e-06,-1.849631563957,"[-2.957670371249907, 6.887469436701219, 0.7785218046510359]"
69,tVHA,1.0,0.5,10000,2e-06,-1.849591356219,"[-6.376553596749451, 6.135602203535889, 0.7785160218797436]"
70,tVHA,1.0,0.5,10000,5e-06,-1.849470742751,"[-2.9576704740268736, 6.887469266125356, 0.778498179338952]"
71,tVHA,1.0,0.5,10000,1e-05,-1.84926975279,"[-2.957670473918268, 6.887469281137371, 0.7784682591554148]"
72,tVHA,1.0,0.5,10000,2e-05,-1.848867894658,"[-2.957670824558755, 6.887468205902482, 0.7784086997627246]"
73,tVHA,1.0,0.5,10000,5e-05,-1.847663293979,"[-2.957978841696367, 6.886633058761285, 0.7782300508445759]"
74,tVHA,1.0,0.5,10000,0.0001,-1.845658867866,"[-2.9576705005257318, 6.887469152969298, 0.7779320237754637]"
75,tVHA,1.0,0.5,10000,0.0002,-1.841662141774,"[-2.9576448433411544, 6.887538697932339, 0.7773365843887756]"
76,tVHA,1.0,0.5,10000,0.0005,-1.829768371795,"[-2.9576842461659703, 6.887432034404403, 0.7755521934302831]"
77,tVHA,1.0,0.5,10000,0.001,-1.810262817379,"[-2.95767048714765, 6.8874692160337325, 0.7725848070630496]"
78,tVHA,1.0,0.5,10000,0.002,-1.772412786764,"[-2.9576704849186566, 6.887469115529724, 0.7666732069093949]"
79,tVHA,1.0,0.5,10000,0.005,-1.667596623656,"[-2.9576705643505408, 6.887469052883102, 0.7491293436015316]"
80,tVHA,1.0,0.5,10000,0.01,-1.518663636639,"[-2.9576703657150842, 6.887469474579703, 0.7205191884993948]"
81,tVHA,1.0,0.5,10000,0.02,-1.296675216123,"[-2.947316001257914, 6.915544942754174, 0.6656410440539223]"
82,tVHA,1.0,0.5,10000,0.05,-0.976101552379,"[-2.9159655701580123, 7.000550432825053, 0.5192063733021146]"
83,tVHA,1.0,0.5,10000,0.1,-0.844154879586,"[-2.9141416624581766, 7.005494703842922, 0.33108521188313517]"
84,tVHA,1.0,1.0,1000,0.0,-1.84967177332,"[0.9999999999999949, 0.5818880487705496, 0.7785278348044056]"
85,tVHA,1.0,1.0,10000,0.0,-1.84967177332,"[-6.37653002784508, 6.135666311254217, 0.7785278357376505]"
86,tVHA,1.0,1.0,10000,1e-06,-1.849646405125,"[-2.9576704639864535, 6.887469219912349, 0.7785220598278306]"
87,tVHA,1.0,1.0,10000,2e-06,-1.849621037564,"[-2.9576703342533786, 6.887469453086771, 0.7785165648811456]"
88,tVHA,1.0,1.0,10000,5e-06,-1.849544938687,"[-2.957670664058729, 6.887468449018799, 0.7784996374123339]"
89,tVHA,1.0,1.0,10000,1e-05,-1.849418119906,"[-2.9576700563338356, 6.88747025644727, 0.7784714948096438]"
90,tVHA,1.0,1.0,10000,2e-05,-1.849164529891,"[-2.957670418532641, 6.887469238087668, 0.7784152968751248]"
91,tVHA,1.0,1.0,10000,5e-05,-1.848404140085,"[-2.9579788775554983, 6.886632845065759, 0.778246365112315]"
92,tVHA,1.0,1.0,10000,0.0001,-1.847138090239,"[-2.95767043960483, 6.887469268962545, 0.7779648665774404]"
93,tVHA,1.0,1.0,10000,0.0002,-1.844610732697,"[-2.9576704619159746, 6.887469174148725, 0.7774021789532897]"
94,tVHA,1.0,1.0,10000,0.0005,-1.837066453422,"[-2.9576845699740266, 6.887430851156108, 0.7757153668422547]"
95,tVHA,1.0,1.0,10000,0.001,-1.824617679255,"[-2.9576704943172514, 6.887469246998153, 0.7729096278659546]"
96,tVHA,1.0,1.0,10000,0.002,-1.80018191024,"[-6.376530050131327, 6.135666046121995, 0.7673177205219288]"
97,tVHA,1.0,1.0,10000,0.005,-1.730431818173,"[-6.2900415062835044, 6.370178037104114, 0.7506993378185288]"
98,tVHA,1.0,1.0,10000,0.01,-1.625178820861,"[-2.957667474930118, 6.887477313161571, 0.7235260321356833]"
99,tVHA,1.0,1.0,10000,0.02,-1.450184346742,"[-2.9473271569022392, 6.915514910815999, 0.6711301483371379]"
100,tVHA,1.0,1.0,10000,0.05,-1.123564661001,"[-2.921339026671017, 6.985981314802576, 0.5292293950068994]"
101,tVHA,1.0,1.0,10000,0.1,-0.910189318924,"[-2.9277895723993463, 6.96849044052632, 0.34086818439509137]"
102,tVHA,2.0,0.0,1000,0.0,-1.829025004799,"[9.41389097489189, 8.06857765519548, 2.856108601480134, 0.9989899482371916, 1.9288847428279352, 2.032434638828164]"
103,tVHA,2.0,0.0,10000,0.0,-1.829025004799,"[9.41388728045155, 8.06858322033295, 2.856108601480134, 0.9990134744601007, 1.9288878561196585, 2.0324354403163323]"
104,tVHA,2.0,0.0,10000,1e-06,-1.82901097568,"[7.631055632803064, 7.312622444946394, 6.849822398702892, 2.147293002163571, 0.2061945898040918, 2.1573052399958175]"
105,tVHA,2.0,0.0,10000,2e-06,-1.828996946752,"[2.1781031544034333, 0.9999999999999991, 6.464841683115873, -0.7249032160638423, 1.3166186260035209, 1.8160133671152872]"
106,tVHA,2.0,0.0,10000,5e-06,-1.828954861116,"[2.0976974758780607, 0.9999999999999991, 1.6675656635705973, 1.5702584647728157, 1.1941950796690213, 1.7794608259413272]"
107,tVHA,2.0,0.0,10000,1e-05,-1.82888472221,"[7.9335636702083585, 6.224628998193728, 2.090363295646532, 2.767145070491382, 1.88809209802855, 2.272899997595702]"
108,tVHA,2.0,0.0,10000,2e-05,-1.828744458725,"[7.608059775522536, 7.524059159307055, 5.538932584992589, -0.5546009425201016, 3.295663612149648, 2.1741185609387528]"
109,tVHA,2.0,0.0,10000,5e-05,-1.828323782875,"[4.101351161970779, 7.531509719038369, 3.0212940310515752, 2.289565502869096, 1.9211700311192328, 2.421170031118739]"
110,tVHA,2.0,0.0,10000,0.0001,-1.82762303831,"[6.307187737574045, 7.5240591593029915, 2.8467082946670885, 2.41615577831944, 2.018071647055748, 2.5180716470551423]"
111,tVHA,2.0,0.0,10000,0.0002,-1.826222979953,"[7.637686080084153, 7.312866603717339, 6.813977437440464, 2.146967662195634, 0.21275173415484103, 2.145558462688802]"
112,tVHA,2.0,0.0,10000,0.0005,-1.822034227652,"[5.460590487707465, 7.524348139808559, 3.021294031041707, 2.4296135443271156, 1.968827067983308, 2.461342446889531]"
113,tVHA,2.0,0.0,10000,0.001,-1.815090894144,"[7.442956272111283, 9.138074622793397, 5.096910135840745, 3.285167579140727, 2.2446679528705866, 3.0146549216854517]"
114,tVHA,2.0,0.5,1000,0.0,-1.84967177332,"[5.667583113525927, -4.092711384152452, -1.6739523279035302, 1.6696189405080846, -3.6080961526161324, 5.16513554342211]"
115,tVHA,2.0,0.5,10000,0.0,-1.84967177332,"[5.6675874049981125, -4.092710434556656, -1.673940706055069, 1.669622527865917, -3.6080959826765975, 5.165135617902465]"
116,tVHA,2.0,0.5,10000,1e-06,-1.849591642843,"[5.63552382305435, -4.100829569589161, -1.758883802736966, 1.6578784866078222, -0.19624733935412214, 1.75328973880442]"
117,tVHA,2.0,0.5,10000,2e-06,-1.849511518885,"[4.407169469499149, -3.948284361016856, -5.087005669227471, 2.071823144175696, -0.19627290637903388, 1.7533025576257733]"
118,tVHA,2.0,0.5,10000,5e-06,-1.84927118322,"[5.708179574467836, -4.028911556827532, -0.7935964330742662, 1.941698089264489, -0.18075560257960036, 1.7297988234173105]"
119,tVHA,2.0,0.5,10000,1e-05,-1.848870761813,"[5.6699794410605335, -4.033642689801787, -1.652827851424612, 1.8416711774221257, -0.19803083251561152, 1.7549536843186646]"
120,tVHA,2.0,0.5,10000,2e-05,-1.848070401675,"[5.626811437146497, -4.263165424049753, -1.77972723348392, 1.218061545164832, -0.19624726153911942, 1.7530406455667784]"
121,tVHA,2.0,0.5,10000,5e-05,-1.845673223909,"[5.494078817988289, -4.21822702064914, -2.1396069457868085, 1.3399134943727251, -0.19655288155497444, 1.7529520951838482]"
122,tVHA,2.0,0.5,10000,0.0001,-1.841690903721,"[5.757186210469392, -4.142788217240244, -1.4262217023361956, 1.5444615946514544, -0.1961540343379483, 1.7518967081396628]"
123,tVHA,2.0,0.5,10000,0.0002,-1.833774678666,"[5.577393085432868, -4.156342861348424, -1.9137345536767987, 1.5077073505361882, -0.1961758164131522, 1.7506068380967759]"
124,tVHA,2.0,0.5,10000,0.0005,-1.810408476237,"[6.221988682979558, -4.059092588746038, -0.16590610825923657, 1.7714016979798526, -0.19570416842410968, 1.7462053174924583]"
125,tVHA,2.0,0.5,10000,0.001,-1.772708033404,"[5.3197576184970625, -4.07459436865436, -2.612232389990261, 1.7293759354259026, -0.19514828170600282, 1.7391199756364226]"
126,tVHA,2.0,0.5,10000,0.002,-1.701741084065,"[2.807283807639413, -4.201079086343183, -9.424774423163461, 1.3864119865816047, -0.1940325845042929, 1.7250219130729219]"
127,tVHA,2.0,0.5,10000,0.005,-1.520187140865,"[2.807284232798218, -4.224824558909644, -9.424682260834421, 1.3220378078594313, -0.19068673008284712, 1.6833514734380306]"
128,tVHA,2.0,0.5,10000,0.01,-1.299500937699,"[9.424777955814342, -4.459859775891118, -0.004931486377829843, 0.6841524074963286, 0.18440929936826567, 1.6153719512573148]"
129,tVHA,2.0,0.5,10000,0.02,-1.049544353546,"[2.8070351981680095, -4.244525735036438, -9.424777920307086, 1.2686763638615852, -0.17374297778112702, 1.4897187257366042]"
130,tVHA,2.0,0.5,10000,0.05,-0.846800989357,"[-0.35247424967744917, -4.397564661168955, -9.424777958047358, 0.8562009727936205, 0.12859947177819298, 1.1759925906181778]"
131,tVHA,2.0,0.5,10000,0.1,-0.815156177477,"[-0.41986728481556745, -4.223378445535673, -9.424772837301097, 1.32697817770531, 0.04579602747956153, 0.8170828345560553]"
132,tVHA,2.0,1.0,1000,0.0,-1.84967177332,"[1.8038412512170885, 1.4140672593773873, 1.4733496283744356, 0.7574029342513351, 0.6858866769739781, 1.2055577200614196]"
133,tVHA,2.0,1.0,10000,0.0,-1.84967177332,"[5.667587273071458, -4.092709995255008, -1.6739406326539088, 1.669624404235865, -3.6080961526161324, 5.165135652470293]"
134,tVHA,2.0,1.0,10000,1e-06,-1.849621289018,"[5.630790388146103, -4.167345273217179, -3.5481614162820048, 1.3648899630251754, -0.10540953068147171, 1.6392590679556118]"
135,tVHA,2.0,1.0,10000,2e-06,-1.84957080904,"[5.63305018421147, -4.160759214120239, -1.1347252457598267, 1.549551978097679, -0.1334695385473078, 1.6866407744123912]"
136,tVHA,2.0,1.0,10000,5e-06,-1.849419381909,"[5.691986117817128, -4.0174052070022, -2.1599989040770966, 1.836298034501173, -0.13435583425385694, 1.6882909144680467]"
137,tVHA,2.0,1.0,10000,1e-05,-1.849167055479,"[5.702716728922116, -4.033668458821094, -1.5636160771400673, 1.841263172961888, -0.13890751874633495, 1.695842345032036]"
138,tVHA,2.0,1.0,10000,2e-05,-1.848662592546,"[5.656619934861617, -4.13324204475249, -1.6990562483925742, 1.5703314492620062, -0.13888414710997968, 1.6957002823748542]"
139,tVHA,2.0,1.0,10000,5e-05,-1.847150731866,"[5.626265069910279, -4.211698862090861, -1.781496879744882, 1.3575853241282365, -0.13884307705642968, 1.695300079122967]"
140,tVHA,2.0,1.0,10000,0.0001,-1.844636049893,"[5.839174746956442, -4.118579765076094, -1.2039523167387962, 1.6100976127367772, -0.13883570011634191, 1.6946937734215295]"
141,tVHA,2.0,1.0,10000,0.0002,-1.839625698637,"[5.231590708566558, -4.149289749580479, -2.8514006764027737, 1.5268284643465593, -0.1386235987520204, 1.6932851356697227]"
142,tVHA,2.0,1.0,10000,0.0005,-1.824745570495,"[5.943447191216676, -4.054394209658602, -0.9211837039591484, 1.7841390450070507, -0.13815772220015923, 1.689232037883058]"
143,tVHA,2.0,1.0,10000,0.001,-1.8004407004,"[5.205557609080058, -4.06774797911614, -2.921982680432991, 1.747927793461543, -0.1373998590841019, 1.6825053398086394]"
144,tVHA,2.0,1.0,10000,0.002,-1.75363186135,"[5.532342941955202, -4.170295326305869, -2.0359120646859576, 1.4698729247631033, -0.13589154285058697, 1.669095036258663]"
145,tVHA,2.0,1.0,10000,0.005,-1.626548349834,"[5.890366300364455, -4.202278508131076, -1.065080017488111, 1.3831564314416616, -0.13141032492694232, 1.6292042290573894]"
146,tVHA,2.0,1.0,10000,0.01,-1.452941102415,"[2.8072909281933716, -4.291385583876993, -9.424773459181203, 1.1415440139913375, -0.12411508322825722, 1.5638744004676002]"
147,tVHA,2.0,1.0,10000,0.02,-1.211926605015,"[2.812281222472905, -4.291202520049172, -9.411288764547962, 1.142036918135812, -0.11017284112740221, 1.4375719972775527]"
148,tVHA,2.0,1.0,10000,0.05,-0.916209491158,"[2.807215783902959, -4.478139420555314, -9.42477791252441, 0.6351741992366166, -0.0747322844691827, 1.095859606401298]"
149,tVHA,2.0,1.0,10000,0.1,-0.826544930597,"[2.806854105769168, -4.222104912707739, -9.42477583455749, 1.3294118851253345, -0.036742146381662615, 0.661874122975426]"
150,tVHA,3.0,0.0,1000,0.0,-1.829025004799,"[4.79384547866459, -2.5411415552881715, 3.432022766249051, -4.430473722881887, 0.7327631836834709, 3.8703752484976417, 1.4569084337014515, 1.5984586706054986, 2.166197975463837]"
151,tVHA,3.0,0.5,1000,0.0,-1.84967177332,"[0.2638715019707013, 3.2091312958558245, 1.5541988535950149, 5.859623771615828, 5.508663000912374, -2.1537339810025684, 0.9799062034447679, 0.6597637531211812, 1.000000649641752]"
152,tVHA,3.0,1.0,1000,0.0,-1.84967177332,"[2.1037502261546925, 1.8687766700290915, 1.6543852820356841, 0.8076791340447759, 1.240060970847126, 0.7902897318396548, 0.42483452074254446, 1.3265227524526013, 1.3012149506668516]"
153,tVHA,4.0,0.0,1000,0.0,-1.829025004799,"[8.960729338221293, 6.0069132916587336, -3.7123889803846897, 7.975240595336973, 0.2500000015011661, 0.4999999984988339, 1.9280972450961724, -1.072479738466913, 1.168310926679721, 1.4188256121913239, 1.6688323674386636, 1.9235395953468637]"
154,tVHA,4.0,0.5,1000,0.0,-1.84967177332,"[0.8034095001583001, 3.0598665481624545, -1.9300660428721645, 4.041530801916186, 1.4382240197015081, 3.1112307122624707, -1.9966777779061795, 2.2771655092079532, -1.6172420498726172, 3.1142242252848846, 0.75, 1.0]"
155,tVHA,4.0,1.0,1000,0.0,-1.84967177332,"[0.8034095001583001, 3.0598665481624545, -1.9300700740362322, 4.0415500017825705, 1.438224689648565, 3.1112312558225446, -1.9966080110614308, 2.27716467430303, -1.617238114053797, 3.1142207868363596, 0.75, 1.0]"
156,tVHA,5.0,0.0,1000,0.0,-1.829025004799,"[-1.3561944901923448, 3.110757564130642, 1.183873163774559, 1.0, 2.318508665856686, -0.9780972450961725, -2.250718801466388, 5.754175447295753, 3.0642579083050654, 0.5970488260763277, 1.0182437512328326, 1.21824394489554, 1.4182439448955397, 1.6183303461290597, 1.8189909296233744]"
157,tVHA,5.0,0.0,10000,0.0,-1.829025004799,"[-1.3561944901923448, 3.110757564130642, 1.183873163774559, 1.0, 2.319011723769269, -0.9780972450961725, -2.250718801466388, 5.754175447295753, 3.0642579083050654, 0.5882494574129631, 1.019074826282683, 1.2198051310257005, 1.41961257496224, 1.6194731378127591, 1.8192739418850516]"
158,tVHA,5.0,0.0,10000,1e-06,-1.828989932386,"[1.7264933008775907, 2.4514599874914986, 2.2138924706726977, 2.4514410717050312, -1.6207709814656466, 2.55702655903782, -1.6287004570989958, 1.9351768099231, 0.799999999934704, 2.2370021073500155, 0.7293782383358491, 1.2921751143985913, 1.4323434736254126, 1.621577611533036, 1.886440794530146]"
159,tVHA,5.0,0.0,10000,2e-06,-1.828954861221,"[1.4214935621587432, 2.698300796785591, 1.5030383197713384, 2.7088093374454703, -1.158520733360184, 2.659216639906745, -1.4486005869541305, 2.3585486172523478, 0.8, 2.178096240009952, 1.0703182125507646, 1.1405128898400103, 1.3405128898393763, 1.5405128898391225, 1.740512889838869]"
160,tVHA,5.0,0.0,10000,5e-06,-1.828849655205,"[1.5449072283320398, 2.149189923493966, 1.5219194343011484, 0.9252225135109698, -1.435580568151055, 2.556194490192345, 1.1093173728586945, -0.1978953761260189, 0.8, 1.5897191664566253, 1.032609462748303, 1.2326175808939688, 1.432617580893781, 1.6326175808939687, 1.832617584188517]"
161,tVHA,5.0,0.0,10000,1e-05,-1.828674336776,"[1.5734208715616416, 1.5977508955538995, 1.3877473917335776, 1.2356194489905632, -1.437325395576753, 2.5637394855889584, 0.6388022839180973, -0.11434493709776333, 0.8, 0.9705475688731747, 0.9312874106516668, 1.1312844573197895, 1.3281384363944562, 1.5278561176147862, 1.727566672339115]"
162,tVHA,5.0,0.0,10000,2e-05,-1.82832379339,"[4.0925092892620984, 1.907940659355344, 1.5745604124554347, 2.0648508738023486, -2.2399121757434557, 2.5563392422187854, 0.7989186422368941, -0.2677566645428996, 0.8, 1.554560044618539, 0.9506044672541931, 1.1386850254037126, 1.3377126356217053, 1.5381723546710506, 1.7426385874429866]"
163,tVHA,5.0,0.0,10000,5e-05,-1.827272910585,"[4.496712366389037, 2.1093749057988957, 1.5171083328354629, 2.1093749057940365, -1.5915385962699828, 2.4998258095068406, 0.9890486223838398, -0.18049293226079033, 0.8, 3.2058780083643335, 0.9797469693975668, 1.309782507174757, 1.5097364727519502, 1.708934158531179, 1.8930808009471995]"
164,tVHA,5.0,0.0,10000,0.0001,-1.825523927659,"[1.6354443944007444, 1.235349222862705, 1.382881604656256, 1.4964479768376866, -1.342940896024929, 2.565195666436814, 1.2978021396105568, -0.2468617669656819, 0.8, 2.1168301217914585, 0.4012795194671057, 1.1370727359967825, 1.2177392422566213, 1.5370725896036874, 1.7370725896033976]"
165,tVHA,5.0,0.0,10000,0.0002,-1.822035272668,"[1.9473865260362495, 2.0506075668707107, 1.852536957652125, 1.4921795484838465, -1.9157906816130277, 2.31040080000884, 1.035039601593685, 1.9240710964345724, 0.8, 1.3876749567131106, 1.6257785252070462, 1.8059210678224193, 1.035585581830003, 2.194131666555985, 2.4154458821965834]"
166,tVHA,5.0,0.0,10000,0.0005,-1.811643382471,"[1.726365823116136, 2.442056136960956, 1.7714050770221488, 2.441818012353678, -1.5715415308881222, 2.6027848968474387, -1.4710475611559661, 1.9351768777842007, 0.8, 2.237002107348705, 0.644749397307013, 1.302673194019626, 1.508284869349289, 1.7082848693488335, 1.908284869349289]"
167,tVHA,5.0,0.0,10000,0.001,-1.794567759174,"[1.3572999682444478, 1.2354344634078525, 1.2560869250841764, 1.3802150787562304, -1.2743087978563672, 2.556193449706599, 1.9457509146629188, -0.4930533502157927, 0.8, 2.4478733939150192, 0.35019563126644476, 1.1300534190476046, 1.3628192486764854, 1.5628192486768417, 1.7424020410887666]"
168,tVHA,5.0,0.5,1000,0.0,-1.84967177332,"[0.13483483563249837, 3.7427576487395267, -1.0846754191925887, 3.830190096316794, 2.179068751013711, 7.852604693096856, 5.744232336471671, 1.115464962588704, 8.573957434564576, -4.951485714050596, 0.687805890547634, 1.1225049510941372, 0.6, 0.8, 1.0]"
169,tVHA,5.0,0.5,10000,0.0,-1.84967177332,"[0.13483776196799527, 3.7427567314334773, -1.0846745414551195, 3.830190936941791, 2.1790780895323003, 7.852591540736873, 5.744228946099896, 1.1154715729254256, 8.57400764608897, -4.951495545795055, 0.687805890547634, 1.1225049510941372, 0.6, 0.8, 0.9999995043945427]"
170,tVHA,5.0,0.5,10000,1e-06,-1.849471782902,"[-1.7270197954576336, 4.459319722163482, -1.081170600457422, 3.8279737139672148, 1.8749603615598056, -6.205445923075935, -7.680852395890355, 0.16765555408603705, 9.42477796076938, -4.882421596912469, -0.233491746101069, 1.6592939003283664, 1.4491657430202836, 0.4027071235224565, 3.2981956656576044]"
171,tVHA,5.0,0.5,10000,2e-06,-1.849271913707,"[-0.5292194528524465, 3.7322292275586335, 1.1217849847307528, 5.589994583005635, 2.10468161671567, 9.407222113479072, 9.218959185273352, 1.0856187971823934, 8.972614712945623, -4.941679485822897, 0.05470714305679431, 1.0854307164380428, -1.8205207428372698, 0.8298459589676065, 3.7352594623517557]"
172,tVHA,5.0,0.5,10000,5e-06,-1.848672333691,"[4.9627806172117275, 6.407906150115741, -7.895300882003142, 2.795327514820974, 2.1636274474644743, 9.409441997244883, 9.424621249993692, 1.6343824187590437, 8.79204400689737, -5.003093630640155, 0.45058737770136903, -0.42560779779956154, 0.6870071979110995, 1.4875722794872128, 2.8397753142705526]"
173,tVHA,5.0,0.5,10000,1e-05,-1.847674352413,"[0.5178991096807802, 4.187467974267271, 2.5228280869212156, 1.9865268373486236, 2.085422106792466, 0.08048810915152581, 5.294748213604928, 3.0226612429222803, 9.089392086029285, -5.280121397962908, -0.3225167266398054, 0.6900076627447161, -0.7460265981532439, 0.7843038988063412, 3.6860780777303797]"
174,tVHA,5.0,0.5,10000,2e-05,-1.845681061768,"[-2.950279982335839, 4.285796536409596, -5.391442890976805, 2.062136441086857, 2.1347390626646607, 9.420258926303674, 5.9520461727485525, 6.021752294935887, 8.79111788815783, -4.868748266447154, 0.25683649722547897, 0.8509961673008641, -1.0804871512585774, -1.203718805216147, 4.588757605589764]"
175,tVHA,5.0,0.5,10000,5e-05,-1.839725932871,"[0.062394004063746844, 5.670974937075392, -9.42477796076938, 8.86011207598568, 2.461515110452546, 7.602124212196117, -3.137520587756975, -1.0168536074577683, -2.766576544187446, -4.312764207274686, 0.21206788082116473, 0.06593885210416671, 0.5260937996360756, 0.780115394155263, 4.073207775435744]"
176,tVHA,5.0,0.5,10000,0.0001,-1.829880709287,"[-2.0964239524645567, 4.298612299794851, -0.3775021126146192, 5.88020682045787, 2.088986291911917, 9.423277580651225, 2.258434267050536, 1.3251877763018152, 8.51087728659474, -5.991659749783382, 0.09147021601653323, 0.2986284126782732, 0.30775754187807647, -1.1532770248679003, 4.218986712729926]"
177,tVHA,5.0,0.5,10000,0.0002,-1.810492898272,"[-4.155417394767216, -1.247600239068733, 2.057359475755226, 3.5078382709685507, 2.1706645612622695, 9.42477796076938, 9.304268080139462, 4.408452267765345, 9.420777713914907, -4.773885688337046, 0.018120853673747994, 0.028738980065580524, 0.06057189856361012, -0.5529795497605902, 4.3823860930352705]"
178,tVHA,5.0,0.5,10000,0.0005,-1.754639547686,"[-0.270879096563744, 2.208396016505727, 0.10474442862435249, 4.957369742659189, 2.4270016047745644, -6.141043070862672, 7.958229891318386, 4.817364051368692, -1.2667823986674045, -3.7374481427064614, 0.058050503140874295, 0.020903906584944645, -0.2541231098846872, 0.44365301932182033, 4.153229232302002]"
179,tVHA,5.0,0.5,10000,0.001,-1.668800439778,"[-9.42477796076938, 7.1999934707914335, -9.42477796076938, 8.427793386423893, 2.1250450623160253, 9.42477796076938, 3.319838491843938, 9.42477796076938, 7.218745008318392, -4.886764575524881, -0.0010093537532845703, -0.02086170824048629, 0.13752178696250877, 0.039981019741776154, 4.038690075818768]"
180,tVHA,5.0,0.5,10000,0.002,-1.52110702343,"[-6.413012820950362, 1.3217500195675687, 3.274056232461018, 0.6861559922826577, 2.363877605333002, 4.43138435162199, 5.616058993173029, 8.714399660915975, 1.866362741574204, -4.237656774819799, 0.00034447942217686114, 0.0072152426859994285, 0.0749248651309466, -0.5082073277436103, 4.252464028881202]"
181,tVHA,5.0,0.5,10000,0.005,-1.219898846124,"[-9.42477796076938, 3.9015542598429978, -3.3943764903548717, -4.375622268122614, 2.1421623368982807, 9.42477796076938, 9.42477796076938, -9.215301989038231, 9.423247702376079, -4.8405406800742785, -0.0017648855013045967, 0.01016426080409354, -0.07635803233410297, 0.5656180907433714, 4.233473489856016]"
182,tVHA,5.0,0.5,10000,0.01,-0.982868606678,"[-9.42477796076938, -3.871647914407326, 9.424598423958278, -4.362844078519228, 2.1800683974171284, 9.42477796076938, 9.42477796076938, 4.067440002044558, 9.42477796076938, -4.739789301172418, -0.00212874101819544, 0.01276956193429623, 0.08232175799768553, 0.5724756543812561, 4.0882934593772156]"
183,tVHA,5.0,0.5,10000,0.02,-0.848481747881,"[2.6971152321131555, 4.037317056207607, -3.507925768752931, 3.4776046495214064, 2.41711307371103, -9.424757931779563, -9.424775815737593, -9.424777960717993, 9.424777960399894, -4.094434020512454, 0.0005546160927605106, 0.010562448423709757, 0.07145480763670715, -0.5604409537966379, 3.8214806727780593]"
184,tVHA,5.0,0.5,10000,0.05,-0.813777084764,"[3.6812811837088555, -8.994746354367686, 3.428197224918053, 4.2133644692175, 3.984463176755389, 9.316971800306874, 9.34043178444026, -9.424773261786088, -9.424777902212764, 0.1676637589183631, -0.0003307394747342454, 0.0029145803238269092, 0.023346777167144013, 0.4255291210414919, 3.1364830504705083]"
185,tVHA,5.0,0.5,10000,0.1,-0.813060763226,"[1.5015116120489969, 9.42134913813126, 9.424776420672929, 9.36470241158498, 4.256776697328505, 4.154178798644605, -9.334727756314642, -9.424776627612541, 5.654630355744098, 0.8959621052735447, -0.00011951987752418589, 0.0006004773458314135, -0.005819967833479565, 0.1126377853049175, 2.1149445104670903]"
186,tVHA,5.0,1.0,1000,0.0,-1.84967177332,"[0.1348338433915882, 3.7427569872455866, -1.0846756772656638, 3.830192271365717, 2.179069460310924, 7.8525964761018185, 5.744243106419884, 1.1154617443463968, 8.573965537219355, -4.951487875695222, 0.687805890547634, 1.1225049510941372, 0.6, 0.8, 1.0]"
187,tVHA,5.0,1.0,10000,0.0,-1.84967177332,"[0.13483483563249837, 3.7427576487395267, -1.0846791878992748, 3.8301937433189317, 2.179069468313292, 7.85258697746227, 5.744231716321103, 1.1154614122266975, 8.573965537219355, -4.951483491847808, 0.6878060972663024, 1.122504703044314, 0.6, 0.8000000000130163, 1.0000002645705823]"
188,tVHA,5.0,1.0,10000,1e-06,-1.849545904526,"[3.274165659358899, 3.467892384620388, -1.0873955367897183, 3.8383497102502426, 2.175802227574438, 6.856825944315197, 7.38794641677749, -3.249907572257645, 9.42477796076938, -4.921287690533498, 0.07504120506173989, -0.8106923826254433, 0.5940458011726322, 0.8013769352578717, 3.1784939547304183]"
189,tVHA,5.0,1.0,10000,2e-06,-1.849420076156,"[1.104495566564552, 3.7432953689821047, -1.0821715529719462, 3.3995012408246117, 1.9764284584947773, -9.42477796076938, -3.4034427242529928, -2.933815756895078, 5.723012147285835, -4.940679694197879, -0.23075085553648716, -0.16168839297797657, -1.0199101641343646, 1.176965306772898, 3.53757550209525]"
190,tVHA,5.0,1.0,10000,5e-06,-1.849042477535,"[-6.226189348994183, 9.424452782127874, -0.6722676198865144, 3.934982225221126, 2.1096801736100455, 9.424765063656128, 9.39385094431331, 1.0891501681681452, 9.117753275111124, -4.9334576432882935, 0.4369601552125735, 1.1158638529404545, 1.8051527501705618, -0.5429327726628861, 3.3491575862675265]"
191,tVHA,5.0,1.0,10000,1e-05,-1.848414043102,"[1.010048090510576, 3.327868170881059, -0.02071682153158744, 3.9047158509244655, 2.1640819194626615, 6.768925197495399, 4.235170030428677, 0.39705702452168934, 9.422138780525714, -4.995605657688892, -0.31254231122666676, 0.1455500102923033, 0.7480243453274014, -1.3998460725180857, 4.730736985324063]"
192,tVHA,5.0,1.0,10000,2e-05,-1.847158163847,"[-4.73360339239132, 1.982963619941136, 0.3742456445445903, 3.2863595557695007, 2.118031882096801, 8.151683618557634, 5.1357287998113, 1.0871922170738988, 8.924981661000608, -4.904961514986137, 0.012495861859394986, 0.030736100834709894, 0.07927678306719597, -0.5518764294760901, 4.346399757591967]"
193,tVHA,5.0,1.0,10000,5e-05,-1.843399341518,"[-4.906939700391604, 4.3718225430643205, -9.315450473456888, -2.0481479676196366, 1.8214330436956547, 9.320843545902136, -8.260434486507306, -8.419112753049038, 9.42477796076938, -6.2296927786634235, 0.40578794916467376, 0.7447023896673595, 0.5098076729263059, 0.561335295453964, 4.1997208218742195]"
194,tVHA,5.0,1.0,10000,0.0001,-1.837167223684,"[-2.026823994280946, 3.6381951516202733, -2.085566351334971, 3.6880040208349594, 1.9842041949270968, 9.399963891914808, 3.388984020382692, 9.42477796076938, 8.684763911399399, -5.26792686579167, 0.06575207714760463, 0.1796497432330597, -0.3368220771505816, -0.7815668969889429, 4.486772643225539]"
195,tVHA,5.0,1.0,10000,0.0002,-1.824820478226,"[-1.7851170989976537, 7.383460843646653, -7.2501933369460225, 3.877076572670662, 2.6553627074354265, 3.7532257417428854, -4.9572287075442905, -2.0479448540582785, -3.606678293047337, -2.846996409585679, -0.11293185969393979, -0.0033561005544845493, -0.04874791262256625, 0.4852068110522555, 4.112019512130004]"
196,tVHA,5.0,1.0,10000,0.0005,-1.788709106434,"[-4.7271807463941435, 3.5243365102574917, -2.2764773889880163, 5.621093795830826, 2.1392045008972307, 7.33663213766418, 7.673590520200877, -4.230741320956666, 5.665502113752753, -4.843675823064816, 0.046504105522725846, 0.10049973129370038, -0.07756491019874284, 0.019989691694755063, 3.8894397174603106]"
197,tVHA,5.0,1.0,10000,0.001,-1.731498364286,"[-6.599225260317873, 2.2920736762010705, -7.079449482963439, 9.42477796076938, 2.27601938657654, 9.31905100889565, 8.688777895223065, 9.25179822907483, 5.360518364174503, -4.455284523344494, -0.01202363927161299, -0.018153152074857258, 0.041612669170469255, 0.2458515350328194, 4.098683110811768]"
198,tVHA,5.0,1.0,10000,0.002,-1.627386756631,"[-2.5260197451875372, 5.724698976154974, 1.3300126097642915, -5.175205449801889, 2.423889400112964, 0.7334033879105366, 1.6639610712884285, -6.096183162966037, 7.281311932946586, -4.076886104428306, -0.011761567849879275, -0.016491608642041782, 0.004002811773797818, 0.17497440166197187, 4.030837967993534]"
199,tVHA,5.0,1.0,10000,0.005,-1.383215905711,"[-5.235526968798831, 3.205564246309153, -5.454648044145863, 3.3324247496652344, 2.0594610965664923, 7.3844440407163425, 8.525406390219896, 6.56264105488508, 9.046190287932905, -5.063736641486882, -0.011456263467945552, 0.002317176798064781, -0.08860975535966747, -0.4067010224891014, 4.075912039873387]"
200,tVHA,5.0,1.0,10000,0.01,-1.132779495329,"[9.424058570957124, 3.514586471584693, -4.420337184095955, 3.4622365437598965, 1.7590424520498216, 4.646079698778898, 9.407070573310687, 9.408299015267353, 9.420225360868049, -5.877677890117766, -0.011660543406039128, 0.007486083588848412, -0.11931904686983572, -0.4073240872173962, 3.903116214181157]"
201,tVHA,5.0,1.0,10000,0.02,-0.920008470288,"[-3.276754292751118, 6.452169422895899, -7.400750581350727, 3.4427558197202206, 1.9405822868954892, -8.844017096639838, -3.468985346677985, 1.4595415614355858, 9.424777960746106, -5.38375443989754, 0.005230095945570565, -0.036219345452225965, -0.14126905042810656, -0.36450389434684516, 3.5552727141938174]"
202,tVHA,5.0,1.0,10000,0.05,-0.81934695283,"[4.902436779072685, -4.33535652283866, 7.461233329958208, 3.540064023503856, 3.392856127468604, -5.871233327078629, 7.774978593335275, -1.4592294629307725, 9.42477035230218, -1.4518723573758483, 0.0008921660806596672, -0.0034531385724767345, -0.06900810829742371, -0.22467962219560805, 2.6374043455901868]"
203,tVHA,5.0,1.0,10000,0.1,-0.813169798061,"[7.917582326845901, 9.424777960645635, 8.461289725631437, 2.536423728433884, 4.23778700321979, 9.424777805419724, -9.424777954512507, 0.7875863195922884, 6.827341575276743, 0.8424549078084704, 7.398412435960672e-05, 0.0002294279630693591, -0.006704062886481323, -0.07946979893762565, 1.6016331798226493]"
204,tVHA,6.0,0.0,1000,0.0,-1.829025004799,"[1.0, 0.989735141156292, 5.712415937821842, 5.712335065510384, 7.437614848314244, 5.879110928658994, 1.3427732087115647, 3.869615771673125, 1.6780972450961724, -2.2785764460737647, 0.8333333333333334, 3.573104937962126, 1.1845388674243917, 1.2488265200255055, 1.3694226303626738, 3.104036565870438, 1.7530849063889091, 1.8694233464195982]"
205,tVHA,6.0,0.5,1000,0.0,-1.84967177332,"[0.03907565363479537, 4.116767771757303, -1.5174967428108403, 4.454365643429823, -1.8167196205637643, 4.641646728395564, -0.2348819558814177, 9.42477796076938, -3.464540058414202, 3.4324911643303873, 0.8439806562388079, 0.027945589601236283, -7.042371235326826, 8.766456299785437, 4.758953846865618, -3.417700991777717, 0.8333333333333334, 1.0]"
206,tVHA,6.0,1.0,1000,0.0,-1.84967177332,"[0.03907565363479537, 4.116767771757303, -1.5174967428108403, 4.454365643429823, -1.816721895931696, 4.641640512594538, -0.2348819558814177, 9.42477796076938, -3.4645580914271132, 3.432520814188563, 0.8440614903603302, 0.027873664628852393, -7.042317615625569, 8.7664068634002, 4.7589538468656185, -3.417700991777717, 0.8333333333333334, 1.0]"
207,tVHA,7.0,0.0,1000,0.0,-1.829025004799,"[9.42477796076938, 5.547448781983931, 4.736047472598532, 2.4358015994199316, 2.1781016631372005, 0.5758915758526724, 2.095644818059908, 0.14285714285714285, 0.2857142857142857, 5.089416596955882, 0.5714285714285714, 0.7142857142857143, 0.8574079396045726, 6.253501809484548, 0.9636113998300653, 1.1069059287490393, 1.2493212675033232, 1.392178410360466, 1.5350355532176088, 2.3219002280501684, 1.820758043865233]"
208,tVHA,7.0,0.5,1000,0.0,-1.84967177332,"[0.4279470897905855, 4.008365543890823, -0.9218277892848732, 5.3515935730099295, -2.5641871899216904, 4.770102246984784, 2.4527461531284596, 9.42477796076938, 9.42477796076938, 4.687062780007551, 8.832507035358955, -5.176265366939818, 9.189269996190365, -6.073174979791823, -0.32424000705403494, 2.3393310654961876, 0.7213700114591005, 0.0836501699189226, 0.7142857142857143, 0.8571428571428571, 1.0]"
209,tVHA,7.0,1.0,1000,0.0,-1.84967177332,"[0.4279470897905855, 4.008377748875215, -0.9217649537333609, 5.351568224196192, -2.5642804179590186, 4.770180471315767, 2.4527461531284596, 9.42477796076938, 9.42477796076938, 4.687062780007551, 8.832507035358955, -5.176200511195147, 9.189361768284542, -6.073221938804572, -0.32424000705403494, 2.3393310654961876, 0.7213700114591005, 0.0836501699189226, 0.7142857142857143, 0.8571428571428571, 1.0]"
210,tVHA,8.0,0.0,1000,0.0,-1.829025004799,"[1.0188248204813342, 0.9811751795186658, 1.486367783558991, 0.09760224569653658, -1.3373696697110107, 3.3471742637117057, 0.6968470467940997, 3.6796017291185428, 2.481194490192345, 2.529183860950524, 1.2842431435694033, -0.23631077818510782, 0.03595137745191379, 1.236367783558991, 1.6840789918104329, 2.1690770186155333, 0.9697107406868819, 1.0527846255022966, 1.1619546628248112, 1.2664184950269926, 1.5518554118781585, 1.666587327979249, 1.7813192440803394, 1.8960511601814298]"
211,tVHA,8.0,0.5,1000,0.0,-1.84967177332,"[0.20486636482796108, 4.976874050560669, -2.5627705239636986, 4.542042722204527, -3.774075246903246, 7.0405999792544245, -4.443837741918332, 6.442037361290076, 9.42477796076938, 9.42477796076938, -4.906317574175477, 5.684767465067613, -5.866576448059375, 3.4559855100196426, 0.38255949814735934, 0.09975161028760804, 2.03940802328128, 0.5445243112740431, 1.1092974284010078, 0.0331904714865508, 0.625, 0.75, 0.875, 1.0]"
212,tVHA,8.0,1.0,1000,0.0,-1.84967177332,"[0.20486636482796108, 4.976874050560669, -2.5627705239636986, 4.542042722204527, -3.774075246903246, 7.0405999792544245, -4.443837741918332, 6.442037361290076, 9.42477796076938, 9.42477796076938, -4.906317574175477, 5.684767465067613, -5.866576448059375, 3.4559855100196426, 0.38255949814735934, 0.09975161028760804, 2.03940802328128, 0.5445243112740431, 1.1092974284010078, 0.0331904714865508, 0.625, 0.75, 0.875, 1.0]"
213,tVHA,9.0,0.0,1000,0.0,-1.829025004799,"[3.1353012567368133, 5.970097752749478, -1.3561944901923448, -1.3561944901923448, 3.356194490192345, 3.144814462692959, 1.9476908056844935, 1.0679946453247522, 3.404674256658762, -4.601277869273579, 0.2222222222222222, 1.5673356560324492, -1.0980584589294509, 0.6612455693052484, 0.5589704998782064, 1.0881962779086005, 0.8888888888888892, 5.153387283259566, 0.913361723570459, 1.02447283468157, 1.263411732692647, 1.3794499928179529, 1.3577179344321797, 1.6016722150401752, 1.7127833261512864, 1.669644146925008, 1.7807552580361192]"
214,tVHA,9.0,0.5,1000,0.0,-1.84967177332,"[0.10893973997790848, 4.936898726082527, -2.66748519857375, 4.354468351304288, -2.193081193498096, 7.193133026534412, -4.908391480000356, 7.618107600381643, 1.5890486225480864, 9.391006308271004, 8.587084079960725, 7.3908408428537555, 7.875750743771194, -2.5829691364584666, 9.158013021525989, -8.005218130955992, 9.171280503737016, -6.964852870407709, 0.7001597336591974, 1.6948437785924377, 0.5565275379706941, 0.8229542038552264, 1.1233201946717286, 0.37386808377899483, 0.7777777777777778, 0.8888888888888888, 1.0]"
215,tVHA,9.0,1.0,1000,0.0,-1.84967177332,"[0.10893973997790848, 4.936898726082527, -2.66748519857375, 4.354468351304288, -2.193081193498096, 7.193133026534412, -4.908391480000356, 7.618107600381643, 1.5890486225480864, 9.391006308271004, 8.587084079960725, 7.3908408428537555, 7.875750743771194, -2.5829691364584666, 9.158013021525989, -8.005218130955992, 9.171280503737016, -6.964852870407709, 0.7001597336591974, 1.6948437785924377, 0.5565275379706941, 0.8229542038552264, 1.1233201946717286, 0.37386808377899483, 0.7777777777777778, 0.8888888888888888, 1.0]"
216,tVHA,10.0,0.0,1000,0.0,-1.829025004799,"[2.1780972450961724, -0.17809724509617242, -1.4279518584153532, 0.6667864402211988, -2.5342917352885173, 2.1780972450961724, 1.0736310778185112, 0.2636892218148923, 7.774059159302992, 1.3093195559732003, 0.1, 0.11633668782871713, 0.3836633121712828, 0.37211222927623905, 0.527887770723761, 0.6, -4.0123889803846895, 5.785997463615912, 1.0115510828950438, 0.9762736075639251, 0.9988970064136851, 1.101979912317913, 1.048597173337228, 1.148597173337228, 1.248597173337228, 1.3485971733372277, 1.4485971733372278, 1.548597173337228, 1.6625410586991085, 1.7481287459383523]"
217,tVHA,10.0,0.5,1000,0.0,-1.84967177332,"[1.3726707834532181, 4.7734564877430365, -3.3526157016283613, 6.2520954367089105, -3.5211103974994735, 6.639125422746016, -4.890486225480862, 8.496680715673207, -5.983447536849381, 8.263990040803996, 9.42477796076938, 8.902286031407144, -2.1577431127404303, 9.42477796076938, -4.726546111921191, 5.660101769385415, -4.100228508332021, 2.74703589220028, -0.026492753941022067, 0.46192866179704445, 4.752911484451505, -1.4935147898257481, 0.3, 0.4, 0.5, 0.6, 0.7, 0.8, 0.9, 1.0]"
218,tVHA,10.0,1.0,1000,0.0,-1.84967177332,"[1.3726707834532181, 4.7734564877430365, -3.3526157016283613, 6.2520954367089105, -3.5211103974994735, 6.639125422746016, -4.890486225480862, 8.496680715673207, -5.983447536849381, 8.263990040803996, 9.42477796076938, 8.902286031407144, -2.1577431127404303, 9.42477796076938, -4.726546111921191, 5.660101769385415, -4.100228508332021, 2.74703589220028, -0.026492753941022067, 0.46192866179704445, 4.752911484451505, -1.4935147898257481, 0.3, 0.4, 0.5, 0.6, 0.7, 0.8, 0.9, 1.0]"
